<oai_dc:dc xmlns:oai_dc="http://www.openarchives.org/OAI/2.0/oai_dc/" xmlns:dc="http://purl.org/dc/elements/1.1/" xmlns:xsi="http://www.w3.org/2001/XMLSchema-instance" xsi:schemaLocation="http://www.openarchives.org/OAI/2.0/oai_dc/  http://www.openarchives.org/OAI/2.0/oai_dc.xsd">
  <dc:title>Development Challenges of Indian Agriculture</dc:title>
  <dc:creator>G.N. Ghosh</dc:creator>
  <dc:creator>R. Ganguly</dc:creator>
  <Publisher xmlns="http://www.openarchives.org/OAI/2.0/">Food and Agriculture Organization of the United Nations (FAO)</Publisher>
  <dc:source>Background Technical Papers, The National Medium Term Priority Framework, Government of India and FAO</dc:source>
  <dc:date>2008</dc:date>
  <dc:language>eng</dc:language>
  <dc:subject>asia</dc:subject>
  <dc:subject>India</dc:subject>
  <dc:subject>km</dc:subject>
  <dc:subject>km blended</dc:subject>
  <dc:type>Miscellaneous</dc:type>
  <dc:format />
</oai_dc:dc>