<oai_dc:dc xmlns:oai_dc="http://www.openarchives.org/OAI/2.0/oai_dc/" xmlns:dc="http://purl.org/dc/elements/1.1/" xmlns:xsi="http://www.w3.org/2001/XMLSchema-instance" xsi:schemaLocation="http://www.openarchives.org/OAI/2.0/oai_dc/  http://www.openarchives.org/OAI/2.0/oai_dc.xsd">
  <dc:title>Capacity Assessment Handbook – Project Management for Realizing Capacity Develpment -</dc:title>
  <dc:creator />
  <Publisher xmlns="http://www.openarchives.org/OAI/2.0/">JICA Research Institute, Japan International Cooperation Agency(JICA)</Publisher>
  <URL xmlns="http://www.openarchives.org/OAI/2.0/">http://gwweb.jica.go.jp/km/FSubject9999.nsf/03a114c1448e2ca449256f2b003e6f57/3923e49bcc5eb5d54925772800216a5c/$FILE/Capacity Assessment Handbook Eng.pdf</URL>
  <dc:date>2008</dc:date>
  <dc:language>eng</dc:language>
  <dc:subject>cd</dc:subject>
  <dc:type>Book</dc:type>
  <dc:format />
</oai_dc:dc>