<oai_dc:dc xmlns:oai_dc="http://www.openarchives.org/OAI/2.0/oai_dc/" xmlns:dc="http://purl.org/dc/elements/1.1/" xmlns:xsi="http://www.w3.org/2001/XMLSchema-instance" xsi:schemaLocation="http://www.openarchives.org/OAI/2.0/oai_dc/  http://www.openarchives.org/OAI/2.0/oai_dc.xsd">
  <dc:title>A ‘Systemic Theories of Change’Approach for Purposeful Capacity Development</dc:title>
  <dc:creator>aO. Aragón</dc:creator>
  <dc:creator>J.C.Giles Macedo</dc:creator>
  <DOI xmlns="http://www.openarchives.org/OAI/2.0/">10.1111/j.1759-5436.2010.00140.x</DOI>
  <dc:source>IDS Bulletin</dc:source>
  <dc:date>2010</dc:date>
  <dc:language>eng</dc:language>
  <dc:subject>cd</dc:subject>
  <dc:subject>innovation systems</dc:subject>
  <dc:subject>m&amp;e</dc:subject>
  <dc:type>Journal Article</dc:type>
  <dc:format>87–99</dc:format>
</oai_dc:dc>