<oai_dc:dc xmlns:oai_dc="http://www.openarchives.org/OAI/2.0/oai_dc/" xmlns:dc="http://purl.org/dc/elements/1.1/" xmlns:xsi="http://www.w3.org/2001/XMLSchema-instance" xsi:schemaLocation="http://www.openarchives.org/OAI/2.0/oai_dc/  http://www.openarchives.org/OAI/2.0/oai_dc.xsd">
  <dc:title>Innovation Strategy</dc:title>
  <dc:creator />
  <Publisher xmlns="http://www.openarchives.org/OAI/2.0/">IFAD</Publisher>
  <dc:date>2007</dc:date>
  <dc:description>&lt;p&gt;The IFAD Innovation Strategy does not set new objectives for staff, but rather defines what is needed to create an innovation-friendly environment and to support staff in achieving the expected results.To strengthen its innovative capabilities and become a better catalyst of pro-poor innovation, IFAD will focus on four clusters of activities: (i) Building capabilities and understanding of challenges requiring innovation; (ii) Nurturing partnerships and facilitating an innovation network; (iii) Embedding rigorous innovation processes and the related risk management into IFAD’s core business practices; (iv) Facilitating a more supportive organizational environment for innovation.&lt;/p&gt;</dc:description>
  <dc:language>eng</dc:language>
  <dc:subject>cd geographical cross-cutting</dc:subject>
  <dc:subject>cd organizational</dc:subject>
  <dc:subject>cd system</dc:subject>
  <dc:subject>cd tools</dc:subject>
  <dc:subject>innovation systems</dc:subject>
  <dc:subject>is cross cutting</dc:subject>
  <dc:subject>is knowledge and information sharing</dc:subject>
  <dc:type>Miscellaneous</dc:type>
  <dc:format />
</oai_dc:dc>