<oai_dc:dc xmlns:oai_dc="http://www.openarchives.org/OAI/2.0/oai_dc/" xmlns:dc="http://purl.org/dc/elements/1.1/" xmlns:xsi="http://www.w3.org/2001/XMLSchema-instance" xsi:schemaLocation="http://www.openarchives.org/OAI/2.0/oai_dc/  http://www.openarchives.org/OAI/2.0/oai_dc.xsd">
  <dc:title>Five Key Areas for Mobilising the Potential of Rural Advisory Services</dc:title>
  <dc:creator />
  <Publisher xmlns="http://www.openarchives.org/OAI/2.0/">Global Farum for Rural Advisory Services (GFRAS)</Publisher>
  <dc:date>2010</dc:date>
  <dc:language>eng</dc:language>
  <dc:subject>cd</dc:subject>
  <dc:subject>geographical cross cutting</dc:subject>
  <dc:type>Miscellaneous</dc:type>
  <dc:format>1–8</dc:format>
</oai_dc:dc>