<oai_dc:dc xmlns:oai_dc="http://www.openarchives.org/OAI/2.0/oai_dc/" xmlns:dc="http://purl.org/dc/elements/1.1/" xmlns:xsi="http://www.w3.org/2001/XMLSchema-instance" xsi:schemaLocation="http://www.openarchives.org/OAI/2.0/oai_dc/  http://www.openarchives.org/OAI/2.0/oai_dc.xsd">
  <dc:title>Gender Equality in Rural Advisory Services: Towards a Common Understanding</dc:title>
  <dc:creator />
  <Publisher xmlns="http://www.openarchives.org/OAI/2.0/">Global Forum for Rural Advisory Services (GFRAS)</Publisher>
  <dc:date>2013</dc:date>
  <dc:language>eng</dc:language>
  <dc:subject>cd</dc:subject>
  <dc:subject>cd gender</dc:subject>
  <dc:subject>geographical cross cutting</dc:subject>
  <dc:subject>innovation systems</dc:subject>
  <dc:subject>is extension</dc:subject>
  <dc:type>Unpublished</dc:type>
  <dc:format>1–19</dc:format>
</oai_dc:dc>