<oai_dc:dc xmlns:oai_dc="http://www.openarchives.org/OAI/2.0/oai_dc/" xmlns:dc="http://purl.org/dc/elements/1.1/" xmlns:xsi="http://www.w3.org/2001/XMLSchema-instance" xsi:schemaLocation="http://www.openarchives.org/OAI/2.0/oai_dc/  http://www.openarchives.org/OAI/2.0/oai_dc.xsd">
  <dc:title>Innovation systems and Institutional change</dc:title>
  <dc:creator>R. N.G.</dc:creator>
  <dc:creator>H. D.</dc:creator>
  <Publisher xmlns="http://www.openarchives.org/OAI/2.0/">CTA</Publisher>
  <dc:date>2012</dc:date>
  <dc:language>eng</dc:language>
  <dc:subject>africa</dc:subject>
  <dc:subject>family farming</dc:subject>
  <dc:subject>innovation systems</dc:subject>
  <dc:subject>interlocking</dc:subject>
  <dc:subject>is extension</dc:subject>
  <dc:subject>is institutions</dc:subject>
  <dc:subject>new interactions</dc:subject>
  <dc:subject>opportunities</dc:subject>
  <dc:subject>pathways</dc:subject>
  <dc:subject>smallholder farming</dc:subject>
  <dc:type>Conference Paper</dc:type>
  <dc:format>1–11</dc:format>
</oai_dc:dc>