<oai_dc:dc xmlns:oai_dc="http://www.openarchives.org/OAI/2.0/oai_dc/" xmlns:dc="http://purl.org/dc/elements/1.1/" xmlns:xsi="http://www.w3.org/2001/XMLSchema-instance" xsi:schemaLocation="http://www.openarchives.org/OAI/2.0/oai_dc/  http://www.openarchives.org/OAI/2.0/oai_dc.xsd">
  <dc:title>Institutional Learning and Change (ILAC) at ICRISAT: A Case Study of the Tata-ICRISAT Project</dc:title>
  <dc:creator>S. Prasad</dc:creator>
  <dc:creator>T. Laxmi</dc:creator>
  <dc:creator>S.P. Wani</dc:creator>
  <Publisher xmlns="http://www.openarchives.org/OAI/2.0/">Centre for Research on Innovation and Science Policy (CRISP)</Publisher>
  <dc:date>2006</dc:date>
  <dc:description>&lt;p&gt;Institutional innovation, Institutional learning, Actor oriented tools for project management, Learning from institutional histories&lt;/p&gt;</dc:description>
  <dc:language>eng</dc:language>
  <dc:subject>cd tool</dc:subject>
  <dc:subject>innovation systems</dc:subject>
  <dc:subject>is</dc:subject>
  <dc:subject>is actor research</dc:subject>
  <dc:subject>is asia</dc:subject>
  <dc:subject>is institutional</dc:subject>
  <dc:subject>is learning and knowledge</dc:subject>
  <dc:type>Miscellaneous</dc:type>
  <dc:format />
</oai_dc:dc>