<oai_dc:dc xmlns:oai_dc="http://www.openarchives.org/OAI/2.0/oai_dc/" xmlns:dc="http://purl.org/dc/elements/1.1/" xmlns:xsi="http://www.w3.org/2001/XMLSchema-instance" xsi:schemaLocation="http://www.openarchives.org/OAI/2.0/oai_dc/  http://www.openarchives.org/OAI/2.0/oai_dc.xsd">
  <dc:title>Farmers’ organizations and agricultural innovation</dc:title>
  <dc:creator>B. Wennink</dc:creator>
  <dc:creator>W. Heemskerk</dc:creator>
  <Publisher xmlns="http://www.openarchives.org/OAI/2.0/">Royal Tropical Institute (KIT)</Publisher>
  <URL xmlns="http://www.openarchives.org/OAI/2.0/">http://www.kit.nl/kit/Publication?item=1965</URL>
  <dc:date>2006</dc:date>
  <dc:description>&lt;p&gt;In-depth analysis of the role and capacity development needs of farmers organization in innovation processes, using the evidence from a number of case studies from contemporary SSA agriculture. Experiences indicate that FOs can play an important role in sharing knowledge-for-innovation by initiating multi-actor platforms for interactive learning and by implementing joint activity programmes (including use of the media) with extension services on a cost-sharing basis. A major challenge facing FOs is to develop sustainable funding mechanisms for these (farmer-led) initiatives.&lt;/p&gt;</dc:description>
  <dc:language>eng</dc:language>
  <dc:subject>ad &amp;case africa</dc:subject>
  <dc:subject>africa</dc:subject>
  <dc:subject>benin</dc:subject>
  <dc:subject>capacity knowledge learning</dc:subject>
  <dc:subject>cd africa</dc:subject>
  <dc:subject>cd level organizational or environment</dc:subject>
  <dc:subject>improving knowledge and capacity of farmers</dc:subject>
  <dc:subject>innovation platforms</dc:subject>
  <dc:subject>innovation system</dc:subject>
  <dc:subject>is actor farmer organization</dc:subject>
  <dc:subject>Rwanda</dc:subject>
  <dc:subject>Tanzania</dc:subject>
  <dc:type>Miscellaneous</dc:type>
  <dc:format>47–61</dc:format>
</oai_dc:dc>