<oai_dc:dc xmlns:oai_dc="http://www.openarchives.org/OAI/2.0/oai_dc/" xmlns:dc="http://purl.org/dc/elements/1.1/" xmlns:xsi="http://www.w3.org/2001/XMLSchema-instance" xsi:schemaLocation="http://www.openarchives.org/OAI/2.0/oai_dc/  http://www.openarchives.org/OAI/2.0/oai_dc.xsd">
  <dc:title>Evaluation of the DFID/WHO Partnership: Synthesis Report</dc:title>
  <dc:creator>J. Toonen</dc:creator>
  <dc:creator>D. Poate</dc:creator>
  <dc:creator>C. Barnett</dc:creator>
  <dc:creator>M. Paalman</dc:creator>
  <dc:creator>M. Abrial</dc:creator>
  <Publisher xmlns="http://www.openarchives.org/OAI/2.0/">Evaluation Department of the Department for International Development (DFID)</Publisher>
  <dc:date>2004</dc:date>
  <dc:language>eng</dc:language>
  <dc:subject>m&amp;e approach</dc:subject>
  <dc:type>Miscellaneous</dc:type>
  <dc:format />
</oai_dc:dc>