<oai_dc:dc xmlns:oai_dc="http://www.openarchives.org/OAI/2.0/oai_dc/" xmlns:dc="http://purl.org/dc/elements/1.1/" xmlns:xsi="http://www.w3.org/2001/XMLSchema-instance" xsi:schemaLocation="http://www.openarchives.org/OAI/2.0/oai_dc/  http://www.openarchives.org/OAI/2.0/oai_dc.xsd">
  <dc:creator>A.' Van Rooyen</dc:creator>
  <dc:creator>S. Homann</dc:creator>
  <dc:date>Submitted</dc:date>
  <dc:description>&lt;p&gt;Short note discussing innovation platforms potential functions and benefits, with references to southern Africa countries.&lt;/p&gt;</dc:description>
  <dc:language>eng</dc:language>
  <dc:type>Miscellaneous</dc:type>
  <dc:format />
</oai_dc:dc>