<oai_dc:dc xmlns:oai_dc="http://www.openarchives.org/OAI/2.0/oai_dc/" xmlns:dc="http://purl.org/dc/elements/1.1/" xmlns:xsi="http://www.w3.org/2001/XMLSchema-instance" xsi:schemaLocation="http://www.openarchives.org/OAI/2.0/oai_dc/  http://www.openarchives.org/OAI/2.0/oai_dc.xsd">
  <dc:title>Towards optimal coordination of the Chilean Agricultural Innovation System: Design for a MINAGRI Agricultural Innovation Coordination Unit</dc:title>
  <dc:creator>L. Klerkx</dc:creator>
  <dc:creator>S. Theis</dc:creator>
  <dc:creator>W. Janssen</dc:creator>
  <Publisher xmlns="http://www.openarchives.org/OAI/2.0/">World Bank</Publisher>
  <dc:source>The World Bank Group</dc:source>
  <URL xmlns="http://www.openarchives.org/OAI/2.0/">http://www.fia.cl/Portals/0/BancoMundial/Chile_Report_2013_Final_Revised2 (1).pdf</URL>
  <dc:date>2013</dc:date>
  <dc:language>eng</dc:language>
  <dc:subject>cd</dc:subject>
  <dc:subject>chile</dc:subject>
  <dc:subject>innovation systems</dc:subject>
  <dc:subject>latin america</dc:subject>
  <dc:type>Book</dc:type>
  <dc:format>70</dc:format>
</oai_dc:dc>