<oai_dc:dc xmlns:oai_dc="http://www.openarchives.org/OAI/2.0/oai_dc/" xmlns:dc="http://purl.org/dc/elements/1.1/" xmlns:xsi="http://www.w3.org/2001/XMLSchema-instance" xsi:schemaLocation="http://www.openarchives.org/OAI/2.0/oai_dc/  http://www.openarchives.org/OAI/2.0/oai_dc.xsd">
  <dc:title>The use of Social Network Analysis in Innovation Research: A literature review</dc:title>
  <dc:creator>F. Coulon</dc:creator>
  <Publisher xmlns="http://www.openarchives.org/OAI/2.0/">Lund University, Sweden</Publisher>
  <dc:date>2005</dc:date>
  <dc:description>&lt;p&gt;Good review of methodological issues arising when using social network analysis in innovation research in general and AIS in particular. It highlight shortcomings and offers alternatives.&lt;/p&gt;</dc:description>
  <dc:language>eng</dc:language>
  <dc:subject>capacity assesments</dc:subject>
  <dc:subject>cd concept development</dc:subject>
  <dc:subject>cd organizational</dc:subject>
  <dc:subject>cd tools</dc:subject>
  <dc:subject>innovation systems</dc:subject>
  <dc:type>Thesis</dc:type>
  <dc:format>1–28</dc:format>
</oai_dc:dc>