<oai_dc:dc xmlns:oai_dc="http://www.openarchives.org/OAI/2.0/oai_dc/" xmlns:dc="http://purl.org/dc/elements/1.1/" xmlns:xsi="http://www.w3.org/2001/XMLSchema-instance" xsi:schemaLocation="http://www.openarchives.org/OAI/2.0/oai_dc/  http://www.openarchives.org/OAI/2.0/oai_dc.xsd">
  <dc:title>Enhancing Agricultural Innovation: How to Go Beyond the Strengthening of Research Systems</dc:title>
  <dc:creator>W. Bank</dc:creator>
  <DOI xmlns="http://www.openarchives.org/OAI/2.0/">World Bank. (2006). Enhancing Agricultural Innovation: How to Go Beyond the Strengthening of Research Systems. Washington, USA.</DOI>
  <Publisher xmlns="http://www.openarchives.org/OAI/2.0/">The World Bank</Publisher>
  <dc:date>2006</dc:date>
  <dc:description>&lt;p&gt;The paper reports on the results of the international workshop, “Development of Research Systems to Support the Changing Agricultural Sector,” organized by the Agriculture and Rural Development Department of the World Bank in June 2004 in Washington, DC. The emphasis of the report is on one of the main conclusions of the workshop, which was that “strengthened research systems may increase the supply of new knowledge and new technologies, but such strengthening may not necessarily correlate very well with the capacity to innovate and adopt innovations throughout the agricultural sector, and thereby with economic growth.” The paper uses an innovation systems&lt;/p&gt;</dc:description>
  <dc:language>eng</dc:language>
  <dc:subject>ad&amp;case geographical cross cutting</dc:subject>
  <dc:subject>capacity assessment</dc:subject>
  <dc:subject>cd level system or policy</dc:subject>
  <dc:subject>cd organizational or environment</dc:subject>
  <dc:subject>innovationinnovation systems</dc:subject>
  <dc:subject>is actor private</dc:subject>
  <dc:subject>is actor public</dc:subject>
  <dc:type>Miscellaneous</dc:type>
  <dc:format>135</dc:format>
</oai_dc:dc>