<oai_dc:dc xmlns:oai_dc="http://www.openarchives.org/OAI/2.0/oai_dc/" xmlns:dc="http://purl.org/dc/elements/1.1/" xmlns:xsi="http://www.w3.org/2001/XMLSchema-instance" xsi:schemaLocation="http://www.openarchives.org/OAI/2.0/oai_dc/  http://www.openarchives.org/OAI/2.0/oai_dc.xsd">
  <dc:title>The Role of Agricultural R&amp;amp;D Within the Agricultural Innovation Systems Framework</dc:title>
  <dc:creator>P. Anandajayasekeram</dc:creator>
  <Publisher xmlns="http://www.openarchives.org/OAI/2.0/">IFPRI/FARA</Publisher>
  <dc:date>2011</dc:date>
  <dc:description>&lt;p&gt;This paper traces the evolution of the innovation systems framework within the agricultural sector in Sub-Saharan Africa, and presents a conceptual framework for agricultural innovation systems. The difference between innovation ecology/ecosystems and intervention-based innovations systems is highlighted, given that these two concepts are used at different levels in promoting and sustaining agricultural innovations. The role of open innovation, innovation platforms, and innovation intermediaries in catalyzing, enhancing, and facilitating the innovation process are discussed, as is the role of R&amp;amp;D in the innovation process. The paper goes on to consider the interconnectedness of the innovation systems perspective and value-chain analysis in agricultural R&amp;amp;D processes, before summarizing the current status of agricultural R&amp;amp;D in Sub-Saharan Africa, lessons from past experience, and implications and key challenges confronting development practitioners in institutionalizing the agricultural innovation systems concept within the agricultural R&amp;amp;D in the region. Finally, some key conclusions and areas for investment are presented.&lt;/p&gt;</dc:description>
  <dc:language>eng</dc:language>
  <dc:subject>africa</dc:subject>
  <dc:subject>cd organizational</dc:subject>
  <dc:subject>innovation systems</dc:subject>
  <dc:subject>is institutional</dc:subject>
  <dc:subject>is research</dc:subject>
  <dc:type>Unpublished</dc:type>
  <dc:format>1–40</dc:format>
</oai_dc:dc>