<oai_dc:dc xmlns:oai_dc="http://www.openarchives.org/OAI/2.0/oai_dc/" xmlns:dc="http://purl.org/dc/elements/1.1/" xmlns:xsi="http://www.w3.org/2001/XMLSchema-instance" xsi:schemaLocation="http://www.openarchives.org/OAI/2.0/oai_dc/  http://www.openarchives.org/OAI/2.0/oai_dc.xsd">
  <dc:title>Rural Innovation - Crucial, but rarely systemic</dc:title>
  <dc:creator />
  <Publisher xmlns="http://www.openarchives.org/OAI/2.0/">University of Kentucky, Department of Agricultural Economics</Publisher>
  <dc:date>2012</dc:date>
  <dc:description>&lt;p&gt;Discusses innovation cases evolving from rural areas and draws conclusions. Cases analyzed are not agricultural. The issue here is "rural areas" not "rural sector"&lt;/p&gt;</dc:description>
  <dc:language>eng</dc:language>
  <dc:subject>geographical cross cutting</dc:subject>
  <dc:subject>innovation systems</dc:subject>
  <dc:subject>is private</dc:subject>
  <dc:subject>knowledge and information sharing</dc:subject>
  <dc:type>Miscellaneous</dc:type>
  <dc:format />
</oai_dc:dc>