<oai_dc:dc xmlns:oai_dc="http://www.openarchives.org/OAI/2.0/oai_dc/" xmlns:dc="http://purl.org/dc/elements/1.1/" xmlns:xsi="http://www.w3.org/2001/XMLSchema-instance" xsi:schemaLocation="http://www.openarchives.org/OAI/2.0/oai_dc/  http://www.openarchives.org/OAI/2.0/oai_dc.xsd">
  <dc:title>Participatory Gender-Sensitive Approaches for Addressing Key Climate Change-Related Research Issues: Evidence from Bangladesh, Ghana and Uganda</dc:title>
  <dc:creator>M. Chaudhury</dc:creator>
  <dc:creator>P. Kristjanson</dc:creator>
  <dc:creator>F. Kyagazze</dc:creator>
  <dc:creator>J. Naab</dc:creator>
  <dc:creator>S. Neelormi</dc:creator>
  <Publisher xmlns="http://www.openarchives.org/OAI/2.0/">CGIAR Research Program on Climate Change, Agriculture and Food Security (CCAFS)</Publisher>
  <dc:source>Ccafs</dc:source>
  <dc:date>2012</dc:date>
  <dc:description>&lt;p&gt;Getting a better understanding of how climate variability affects rural men and women differently, and in different regions, is challenging. Since their ability to respond to change and take action that will make them more resilient and able to adapt to a changing climate (alongside all the other social and economic change they are dealing with) differs, we need to focus more research efforts on enhancing this understanding and linking this knowledge with actions aimed at enhancing livelihoods and food security. The global CGIAR Research Program on Climate Change, Agriculture and Food Security (CCAFS) and the Food and Agriculture Organization (FAO) joined forces to examine how well existing participatory gender-sensitive research approaches address some key climate change-related research issues that CCAFS has prioritized. Bringing together gender experts and experienced agricultural research teams from Bangladesh, Ghana, and Uganda, multiple methods were tested in the field, and refined through the lessons learned, to help inform future action research and development efforts towards enhancing communities’ and individuals’ (particularly women’s) access to, and use of, information and knowledge to help them adapt to climate variability through more resilient livelihoods and agro-ecosystems. CCAFS research teams have developed an adaptation tool called ‘climate analogues’, an approach aimed at helping people visualize what their climate and environment is likely to look like in the future. The idea behind the analogue tool is to connect a particular location with places that have climates similar (analogous) to what climate scientists predict the climate will be like in 2030 and beyond in that location. The climate analogue approach can enable farmers to better visualize and understand what their agricultural future might look like and what kinds of changes and options they need to be considering now. The results of the pilot studies in three regions suggest that farmer-to-farmer visits to analogue sites will be more challenging and problematic for women than for men, and for the elderly. For men and women who are unable to travel, more innovative means of communicating the ideas behind climate analogues and what information can be gained  suggest that information on climate change adaptation strategies could be effectively shared in central locations that are already commonly visited by both men and women, such as in market places, hospitals, schools and water collection points. The pilot studies also explored if, how, and what weather-related information is being accessed by different groups. Although listening to the radio is a popular way to receive formal weather forecasts, the tendency is for most adult men and both younger and adult women to rely primarily on indigenous knowledge of weather patterns. This trend seems to be slowly changing among young men, especially in the Bangladesh and Uganda sites, who rely on a combination of radio and cell phones for weather-related information and forecasts. Although seasonal forecasts can inform improved risk management and longer-run adaptation practices, none of the study participants, male or female, were yet accessing or using seasonal weather forecasts. i&lt;/p&gt;</dc:description>
  <dc:language>eng</dc:language>
  <dc:subject>Agriculture</dc:subject>
  <dc:subject>bangladesh</dc:subject>
  <dc:subject>cd gender</dc:subject>
  <dc:subject>climate change</dc:subject>
  <dc:subject>food security</dc:subject>
  <dc:subject>ghana</dc:subject>
  <dc:subject>km blender</dc:subject>
  <dc:subject>km geographical cross-cutting</dc:subject>
  <dc:subject>uganda</dc:subject>
  <dc:type>Unpublished</dc:type>
  <dc:format>1–30</dc:format>
</oai_dc:dc>