<oai_dc:dc xmlns:oai_dc="http://www.openarchives.org/OAI/2.0/oai_dc/" xmlns:dc="http://purl.org/dc/elements/1.1/" xmlns:xsi="http://www.w3.org/2001/XMLSchema-instance" xsi:schemaLocation="http://www.openarchives.org/OAI/2.0/oai_dc/  http://www.openarchives.org/OAI/2.0/oai_dc.xsd">
  <dc:title>Enhanced learning from multi-stakeholder partnerships: Lessons from the Enabling Rural Innovation in Africa programme</dc:title>
  <dc:creator>P.C. Sanginga</dc:creator>
  <dc:creator>Ca. Chitsike</dc:creator>
  <dc:creator>J. Njuki</dc:creator>
  <dc:creator>S. Kaaria</dc:creator>
  <dc:creator>R. Kanzikwera</dc:creator>
  <DOI xmlns="http://www.openarchives.org/OAI/2.0/">10.1111/j.1477-8947.2007.00166.x</DOI>
  <ISBN-Number xmlns="http://www.openarchives.org/OAI/2.0/">0165-0203</ISBN-Number>
  <dc:source>Natural Resources Forum</dc:source>
  <dc:date>2007</dc:date>
  <dc:description>&lt;p&gt;Despite increasing interest and support for multi-stakeholder partnerships, empirical applications of participatory evaluation approaches to enhance learning from partnerships are either uncommon or undocumented. This paper draws lessons on the use of participatory self-reflective approaches that facilitate structured learning on processes and outcomes of partnerships. Such practice is important to building partnerships, because it helps partners understand how they can develop more collaborative and responsive ways of managing partnerships. The paper is based on experience with the Enabling Rural Innovation (ERI) in Africa programme. Results highlight the dynamic process of partnership formation and the key elements that contribute to success. These include: (i) shared vision and complementarity, (ii) consistent support from senior leadership; (iii) evidence of institutional and individual benefits; (iv) investments in human and social capital; (v) joint resources mobilization. However, key challenges require coping with high staff turnover and over-commitment, conflicting personalities and institutional differences, high transaction costs, and sustaining partnerships with the private business sector. The paper suggests that institutionalizing multi-stakeholder partnerships requires participatory reflective practices that help structure and enhance learning, and incrementally help in building the capacity of research and development organisations to partner better and ultimately to innovate.&lt;/p&gt;</dc:description>
  <dc:language>eng</dc:language>
  <dc:subject>africa</dc:subject>
  <dc:subject>evaluation</dc:subject>
  <dc:subject>innovation systems</dc:subject>
  <dc:subject>multi-stakeholders processes</dc:subject>
  <dc:subject>Participatory learning</dc:subject>
  <dc:subject>Partnerships</dc:subject>
  <dc:subject>Reflexivity</dc:subject>
  <dc:subject>Rural innovation</dc:subject>
  <dc:subject>Structured learning</dc:subject>
  <dc:type>Journal Article</dc:type>
  <dc:format>273–285</dc:format>
</oai_dc:dc>