<oai_dc:dc xmlns:oai_dc="http://www.openarchives.org/OAI/2.0/oai_dc/" xmlns:dc="http://purl.org/dc/elements/1.1/" xmlns:xsi="http://www.w3.org/2001/XMLSchema-instance" xsi:schemaLocation="http://www.openarchives.org/OAI/2.0/oai_dc/  http://www.openarchives.org/OAI/2.0/oai_dc.xsd">
  <dc:title>Agricultural Innovation Systems: From Diagnostics toward Operational Practices Systems</dc:title>
  <dc:creator>R. Rajalahti</dc:creator>
  <dc:creator>W. Janssen</dc:creator>
  <Publisher xmlns="http://www.openarchives.org/OAI/2.0/">The World Bank</Publisher>
  <dc:date>2008</dc:date>
  <dc:description>&lt;p&gt;Reports on a 2007 World Bank workshop aimed to take stock of recent experiences with innovation systems and reconsider strategies for the future development of agricultural innovation systems. Specifically, sought to (i) take stock of and gain a better understanding of the agricultural innovation systems approach, (ii) identify how the agricultural innovation systems approach contributes to growth, development, and poverty reduction, (iii) identify how the agricultural innovation systems approach has been and can be further operationalized, and (iv) explore the desirability of forming a community of practice. The paper summarizes recommendations for those responsible of puting the AIS perspective to work under different specific country situation&lt;/p&gt;</dc:description>
  <dc:language>eng</dc:language>
  <dc:subject>innovation systems</dc:subject>
  <dc:subject>is actor extension</dc:subject>
  <dc:subject>is actor extension agency</dc:subject>
  <dc:subject>is actor farmer organization</dc:subject>
  <dc:subject>is actor research</dc:subject>
  <dc:subject>is institutional</dc:subject>
  <dc:subject>learning capacity knowledge</dc:subject>
  <dc:type>Unpublished</dc:type>
  <dc:format />
</oai_dc:dc>