<oai_dc:dc xmlns:oai_dc="http://www.openarchives.org/OAI/2.0/oai_dc/" xmlns:dc="http://purl.org/dc/elements/1.1/" xmlns:xsi="http://www.w3.org/2001/XMLSchema-instance" xsi:schemaLocation="http://www.openarchives.org/OAI/2.0/oai_dc/  http://www.openarchives.org/OAI/2.0/oai_dc.xsd">
  <dc:title>Post Harvest Innovations in Innovation: reflections on partnership and learning</dc:title>
  <dc:creator>A.J. Hall</dc:creator>
  <dc:creator>B. Yoganand</dc:creator>
  <dc:creator>R.V. Sulaiman</dc:creator>
  <dc:creator>C.N.G. Post-harvest</dc:creator>
  <ISBN-Number xmlns="http://www.openarchives.org/OAI/2.0/">0953927482</ISBN-Number>
  <Publisher xmlns="http://www.openarchives.org/OAI/2.0/">United Kingdom Department for International Development (DFID)</Publisher>
  <dc:date>2003</dc:date>
  <dc:language>eng</dc:language>
  <dc:subject>cd</dc:subject>
  <dc:subject>cd policies</dc:subject>
  <dc:subject>cd system</dc:subject>
  <dc:subject>innovation systems</dc:subject>
  <dc:subject>is asia</dc:subject>
  <dc:subject>is institutional</dc:subject>
  <dc:subject>is organizational</dc:subject>
  <dc:type>Book</dc:type>
  <dc:format />
</oai_dc:dc>