<oai_dc:dc xmlns:oai_dc="http://www.openarchives.org/OAI/2.0/oai_dc/" xmlns:dc="http://purl.org/dc/elements/1.1/" xmlns:xsi="http://www.w3.org/2001/XMLSchema-instance" xsi:schemaLocation="http://www.openarchives.org/OAI/2.0/oai_dc/  http://www.openarchives.org/OAI/2.0/oai_dc.xsd">
  <dc:title>A Knowledge Share Fair and a KM4Dev meeting in Colombia, May 2010: involving people in a rich environment of dialogue on agriculture and knowledge management in Latin America and the Caribbean</dc:title>
  <dc:creator>S. Staiger-Rivas</dc:creator>
  <dc:creator>G. Salokhe</dc:creator>
  <dc:creator>J. Smith</dc:creator>
  <dc:creator>T. Jordan</dc:creator>
  <dc:creator>V. Palmieri</dc:creator>
  <DOI xmlns="http://www.openarchives.org/OAI/2.0/">10.1080/19474199.2010.531755</DOI>
  <dc:source>Knowledge Management for Development Journal</dc:source>
  <dc:date>2010</dc:date>
  <dc:description>&lt;p&gt;During May 2010 the International Centre for Tropical Agriculture (CIAT) hosted two exciting events related to knowledge management (KM): The Knowledge Share Fair for Latin America and the Caribbean, funded by the Food and Agriculture Organization of the United Nations (FAO), and a regional meeting of the Knowledge Management for Development (KM4Dev) community. Both events benefited from the enormous positive energy of its participants and the broad range of experiences that were shared. The Fair was attended by 200 professionals from more than 70 organizations and 18 countries and showcased more than 40 experiences related to KM in agriculture, development and food security. The affiliated KM4Dev meeting resulted in a strong endorsement of the existing regional network for KM called SIWA (Comunidad Latinoamericana y Caribeña de Saberes Compartidos).; During May 2010 the International Centre for Tropical Agriculture (CIAT) hosted two exciting events related to knowledge management (KM): The Knowledge Share Fair for Latin America and the Caribbean, funded by the Food and Agriculture Organization of the United Nations (FAO), and a regional meeting of the Knowledge Management for Development (KM4Dev) community. Both events benefited from the enormous positive energy of its participants and the broad range of experiences that were shared. The Fair was attended by 200 professionals from more than 70 organizations and 18 countries and showcased more than 40 experiences related to KM in agriculture, development and food security. The affiliated KM4Dev meeting resulted in a strong endorsement of the existing regional network for KM called SIWA (Comunidad Latinoamericana y Caribeña de Saberes Compartidos).&lt;/p&gt;</dc:description>
  <dc:language>eng</dc:language>
  <dc:subject>caribbean</dc:subject>
  <dc:subject>km</dc:subject>
  <dc:subject>km geographical cross-cutting</dc:subject>
  <dc:subject>latin america</dc:subject>
  <dc:type>Journal Article</dc:type>
  <dc:format>151–158</dc:format>
</oai_dc:dc>