<oai_dc:dc xmlns:oai_dc="http://www.openarchives.org/OAI/2.0/oai_dc/" xmlns:dc="http://purl.org/dc/elements/1.1/" xmlns:xsi="http://www.w3.org/2001/XMLSchema-instance" xsi:schemaLocation="http://www.openarchives.org/OAI/2.0/oai_dc/  http://www.openarchives.org/OAI/2.0/oai_dc.xsd">
  <dc:title>Innovation for Development: The Papa Andina Experience</dc:title>
  <dc:creator>A. Devaux</dc:creator>
  <dc:creator>M. Ordinola</dc:creator>
  <dc:creator>D. Horton</dc:creator>
  <ISBN-Number xmlns="http://www.openarchives.org/OAI/2.0/">9789290604105</ISBN-Number>
  <Publisher xmlns="http://www.openarchives.org/OAI/2.0/">International Potato Center (CIP)</Publisher>
  <dc:date>2011</dc:date>
  <dc:description>&lt;p&gt;Book reporting on the Papa Andina Partnership Program, characteristics and impact. Papa Andina has been an especially innovative and productive regional initiative, bringing together researchers, small farmers, diverse market actors, and dozens of organizations in Bolivia, Ecuador, and Peru to spur innovation in public policies, potato products, and value market chains.&lt;/p&gt;</dc:description>
  <dc:language>eng</dc:language>
  <dc:subject>cd</dc:subject>
  <dc:subject>innovation systems</dc:subject>
  <dc:subject>is extension</dc:subject>
  <dc:subject>is research</dc:subject>
  <dc:subject>latin america</dc:subject>
  <dc:type>Book</dc:type>
  <dc:format />
</oai_dc:dc>