<oai_dc:dc xmlns:oai_dc="http://www.openarchives.org/OAI/2.0/oai_dc/" xmlns:dc="http://purl.org/dc/elements/1.1/" xmlns:xsi="http://www.w3.org/2001/XMLSchema-instance" xsi:schemaLocation="http://www.openarchives.org/OAI/2.0/oai_dc/  http://www.openarchives.org/OAI/2.0/oai_dc.xsd">
  <dc:creator>R.Sulaiman V.</dc:creator>
  <dc:creator>A. Hall</dc:creator>
  <dc:date>Submitted</dc:date>
  <dc:description>&lt;p&gt;Extension, ATMA, T&amp;amp;V, South Asia&lt;/p&gt;</dc:description>
  <dc:language>eng</dc:language>
  <dc:type>Miscellaneous</dc:type>
  <dc:format />
</oai_dc:dc>