<oai_dc:dc xmlns:oai_dc="http://www.openarchives.org/OAI/2.0/oai_dc/" xmlns:dc="http://purl.org/dc/elements/1.1/" xmlns:xsi="http://www.w3.org/2001/XMLSchema-instance" xsi:schemaLocation="http://www.openarchives.org/OAI/2.0/oai_dc/  http://www.openarchives.org/OAI/2.0/oai_dc.xsd">
  <dc:title>Research and innovation for sustainable agriculture and food and nutrition security</dc:title>
  <dc:creator />
  <Publisher xmlns="http://www.openarchives.org/OAI/2.0/">European Commission</Publisher>
  <dc:date>2014</dc:date>
  <dc:description>&lt;p&gt;This report is about the DEVCO approach to AR4D in the context of how well it responds to current policy priorities in sustainable agriculture, nutrition and resilience, and how it is positioned within the European and global agenda to achieve maximum impact. The approach builds on lessons learned and reviews and evaluations of research under AR4D portfolio under the Food Security Thematic Programme.&lt;/p&gt;</dc:description>
  <dc:language>eng</dc:language>
  <dc:subject>innovation systems</dc:subject>
  <dc:subject>is institutional</dc:subject>
  <dc:subject>m&amp;e</dc:subject>
  <dc:type>Miscellaneous</dc:type>
  <dc:format />
</oai_dc:dc>