<oai_dc:dc xmlns:oai_dc="http://www.openarchives.org/OAI/2.0/oai_dc/" xmlns:dc="http://purl.org/dc/elements/1.1/" xmlns:xsi="http://www.w3.org/2001/XMLSchema-instance" xsi:schemaLocation="http://www.openarchives.org/OAI/2.0/oai_dc/  http://www.openarchives.org/OAI/2.0/oai_dc.xsd">
  <dc:title>Putting heads together: Agricultural innovation platforms in practice</dc:title>
  <dc:creator>S. Nederlof</dc:creator>
  <dc:creator>M. Wongtschowsi</dc:creator>
  <Publisher xmlns="http://www.openarchives.org/OAI/2.0/">Royal Tropical Institute (KIT)</Publisher>
  <dc:date>2011</dc:date>
  <dc:description>&lt;p&gt;The book documents a diversity of approaches for and results from the development of innovation processes (endorsing the definition proposed by FARA) through a review of twelve agricultural platforms in sub-Saharan Africa. These cases are far from exhaustive but nevertheless bring up a wealth of experiences. The authors do not pretend to present a model or template for the perfect innovation platform. To the contrary – they do not believe this is possible. As such, the objective of this document is not to judge or evaluate the actions and performances of those involved in the implementation of platforms, but to serve as a basis for discussion and learning about this significant and useful development in agriculture. Particularly relevant are the findings about the factors (three) that frequently lead to the disintegration of established innovation platforms: lack of funding, irreconcilable conflicts between partners, and unfavourable changes in the institutional and political&lt;/p&gt;</dc:description>
  <dc:language>eng</dc:language>
  <dc:subject>ad&amp;case africa</dc:subject>
  <dc:subject>cd tools</dc:subject>
  <dc:subject>innovation platforms</dc:subject>
  <dc:subject>innovation systems</dc:subject>
  <dc:subject>is multi-stake holders interactions</dc:subject>
  <dc:type>Book</dc:type>
  <dc:format />
</oai_dc:dc>