<oai_dc:dc xmlns:oai_dc="http://www.openarchives.org/OAI/2.0/oai_dc/" xmlns:dc="http://purl.org/dc/elements/1.1/" xmlns:xsi="http://www.w3.org/2001/XMLSchema-instance" xsi:schemaLocation="http://www.openarchives.org/OAI/2.0/oai_dc/  http://www.openarchives.org/OAI/2.0/oai_dc.xsd">
  <dc:title>Improving Agricultural Knowledge and Innovation Systems</dc:title>
  <dc:creator />
  <DOI xmlns="http://www.openarchives.org/OAI/2.0/">10.1787/9789264167445-en</DOI>
  <ISBN-Number xmlns="http://www.openarchives.org/OAI/2.0/">9789264167445</ISBN-Number>
  <Publisher xmlns="http://www.openarchives.org/OAI/2.0/">OECD</Publisher>
  <dc:source>OECD Conference Proceedings</dc:source>
  <dc:date>2012</dc:date>
  <dc:language>eng</dc:language>
  <dc:subject>africa</dc:subject>
  <dc:subject>asia</dc:subject>
  <dc:subject>cd</dc:subject>
  <dc:subject>cd institutional</dc:subject>
  <dc:subject>europe</dc:subject>
  <dc:subject>geographical cross cutting</dc:subject>
  <dc:subject>innovation systems</dc:subject>
  <dc:subject>is institutional</dc:subject>
  <dc:subject>is organizational</dc:subject>
  <dc:subject>latin america</dc:subject>
  <dc:subject>m&amp;e</dc:subject>
  <dc:type>Conference Paper</dc:type>
  <dc:format />
</oai_dc:dc>