<oai_dc:dc xmlns:oai_dc="http://www.openarchives.org/OAI/2.0/oai_dc/" xmlns:dc="http://purl.org/dc/elements/1.1/" xmlns:xsi="http://www.w3.org/2001/XMLSchema-instance" xsi:schemaLocation="http://www.openarchives.org/OAI/2.0/oai_dc/  http://www.openarchives.org/OAI/2.0/oai_dc.xsd">
  <dc:title>Lessons learned and ways forward on CGIAR capacity development: A discussion paper</dc:title>
  <dc:creator>S. S.</dc:creator>
  <dc:creator>D. I.</dc:creator>
  <dc:creator>B. S.</dc:creator>
  <dc:creator>R. P.</dc:creator>
  <dc:creator>K. P</dc:creator>
  <dc:creator>D. NN.</dc:creator>
  <Publisher xmlns="http://www.openarchives.org/OAI/2.0/">Consultative Group for International Agricultural Research</Publisher>
  <dc:date>Submitted</dc:date>
  <dc:language>eng</dc:language>
  <dc:type>Unpublished</dc:type>
  <dc:format>1–39</dc:format>
</oai_dc:dc>