<oai_dc:dc xmlns:oai_dc="http://www.openarchives.org/OAI/2.0/oai_dc/" xmlns:dc="http://purl.org/dc/elements/1.1/" xmlns:xsi="http://www.w3.org/2001/XMLSchema-instance" xsi:schemaLocation="http://www.openarchives.org/OAI/2.0/oai_dc/  http://www.openarchives.org/OAI/2.0/oai_dc.xsd">
  <dc:title>New Pathways to Innovation: creating conditions in which West African smallholders can capture opportunity</dc:title>
  <dc:creator>C.S. -SIS</dc:creator>
  <Publisher xmlns="http://www.openarchives.org/OAI/2.0/">Convergence of Science: Strenghtening agricultural innovation systems in Benin, Ghana and Mali (CoS-SIS)</Publisher>
  <dc:date>2013</dc:date>
  <dc:language>eng</dc:language>
  <dc:subject>africa</dc:subject>
  <dc:subject>benin</dc:subject>
  <dc:subject>cd organizational</dc:subject>
  <dc:subject>ghana</dc:subject>
  <dc:subject>innovation systems</dc:subject>
  <dc:subject>is extension</dc:subject>
  <dc:subject>knowledge and learning</dc:subject>
  <dc:subject>mali</dc:subject>
  <dc:subject>small holders</dc:subject>
  <dc:type>Miscellaneous</dc:type>
  <dc:format />
</oai_dc:dc>