<oai_dc:dc xmlns:oai_dc="http://www.openarchives.org/OAI/2.0/oai_dc/" xmlns:dc="http://purl.org/dc/elements/1.1/" xmlns:xsi="http://www.w3.org/2001/XMLSchema-instance" xsi:schemaLocation="http://www.openarchives.org/OAI/2.0/oai_dc/  http://www.openarchives.org/OAI/2.0/oai_dc.xsd">
  <dc:creator>B. Van Mierlo</dc:creator>
  <dc:creator>B.J. Regeer</dc:creator>
  <dc:creator>M. van Amsterl</dc:creator>
  <dc:creator>M. Arkesteijn</dc:creator>
  <dc:creator>V. Beekman</dc:creator>
  <dc:date>Submitted</dc:date>
  <dc:language>eng</dc:language>
  <dc:type>Book</dc:type>
  <dc:format />
</oai_dc:dc>