<oai_dc:dc xmlns:oai_dc="http://www.openarchives.org/OAI/2.0/oai_dc/" xmlns:dc="http://purl.org/dc/elements/1.1/" xmlns:xsi="http://www.w3.org/2001/XMLSchema-instance" xsi:schemaLocation="http://www.openarchives.org/OAI/2.0/oai_dc/  http://www.openarchives.org/OAI/2.0/oai_dc.xsd">
  <dc:title>ICTs in Knowledge Management: A case of agropedia</dc:title>
  <dc:creator>K. Yadav</dc:creator>
  <dc:creator>R.Sulaiman V</dc:creator>
  <dc:creator>N.T. Yaduraju</dc:creator>
  <dc:creator>V. Balaji</dc:creator>
  <dc:creator>T.V. Prabhakar</dc:creator>
  <Publisher xmlns="http://www.openarchives.org/OAI/2.0/">Centre for Research on Innovation and Science Policy (CRISP)</Publisher>
  <dc:date>2014</dc:date>
  <dc:language>eng</dc:language>
  <dc:subject>asia</dc:subject>
  <dc:subject>km</dc:subject>
  <dc:subject>km blended</dc:subject>
  <dc:subject>km tools</dc:subject>
  <dc:subject>knowledge sharing platforms</dc:subject>
  <dc:subject>learning and knowledge sharing</dc:subject>
  <dc:type>Unpublished</dc:type>
  <dc:format />
</oai_dc:dc>