<oai_dc:dc xmlns:oai_dc="http://www.openarchives.org/OAI/2.0/oai_dc/" xmlns:dc="http://purl.org/dc/elements/1.1/" xmlns:xsi="http://www.w3.org/2001/XMLSchema-instance" xsi:schemaLocation="http://www.openarchives.org/OAI/2.0/oai_dc/  http://www.openarchives.org/OAI/2.0/oai_dc.xsd">
  <dc:title>Climate Change, Agriculture and Food Security</dc:title>
  <dc:creator>V. Katharine</dc:creator>
  <dc:creator>C. Tracy</dc:creator>
  <dc:creator>K. Aditi</dc:creator>
  <dc:creator>A.Pramod K.</dc:creator>
  <Publisher xmlns="http://www.openarchives.org/OAI/2.0/">CGIAR Research Program on Climate Change, Agriculture and Food Security (CCAFS)</Publisher>
  <URL xmlns="http://www.openarchives.org/OAI/2.0/">www.ccafs.cgiar.org</URL>
  <dc:date>2013</dc:date>
  <dc:language>eng</dc:language>
  <dc:subject>climate change</dc:subject>
  <dc:subject>gender equality</dc:subject>
  <dc:subject>south asia</dc:subject>
  <dc:type>Book</dc:type>
  <dc:format>116</dc:format>
</oai_dc:dc>