<oai_dc:dc xmlns:oai_dc="http://www.openarchives.org/OAI/2.0/oai_dc/" xmlns:dc="http://purl.org/dc/elements/1.1/" xmlns:xsi="http://www.w3.org/2001/XMLSchema-instance" xsi:schemaLocation="http://www.openarchives.org/OAI/2.0/oai_dc/  http://www.openarchives.org/OAI/2.0/oai_dc.xsd">
  <dc:title>Beyond Knowledge Brokerage: an Exploratory Study of Innovation Intermediaries in an Evolving Smallholder Agricultural System in Kenya</dc:title>
  <dc:creator>C. Kilelu</dc:creator>
  <dc:creator>L. Klerkx</dc:creator>
  <dc:creator>C. Leeuwis</dc:creator>
  <dc:creator>A. Hall</dc:creator>
  <Publisher xmlns="http://www.openarchives.org/OAI/2.0/">UK&amp;#039;s Department for International Development (DFID)</Publisher>
  <dc:date>2011</dc:date>
  <dc:language>eng</dc:language>
  <dc:subject>africa</dc:subject>
  <dc:subject>innovation systems</dc:subject>
  <dc:subject>kenya</dc:subject>
  <dc:subject>km</dc:subject>
  <dc:subject>knowledge and information sharing</dc:subject>
  <dc:subject>small farmers</dc:subject>
  <dc:type>Unpublished</dc:type>
  <dc:format />
</oai_dc:dc>