<oai_dc:dc xmlns:oai_dc="http://www.openarchives.org/OAI/2.0/oai_dc/" xmlns:dc="http://purl.org/dc/elements/1.1/" xmlns:xsi="http://www.w3.org/2001/XMLSchema-instance" xsi:schemaLocation="http://www.openarchives.org/OAI/2.0/oai_dc/  http://www.openarchives.org/OAI/2.0/oai_dc.xsd">
  <dc:title>Strengthening Partnerships in Rural Innovation to generate knowledge, build capacity and facilitate institutional change - ICRA&amp;#039;s role</dc:title>
  <dc:creator />
  <Publisher xmlns="http://www.openarchives.org/OAI/2.0/">ICRA</Publisher>
  <dc:date>2005</dc:date>
  <dc:language>eng</dc:language>
  <dc:subject>capacity building</dc:subject>
  <dc:subject>cd tools</dc:subject>
  <dc:subject>innovation systems</dc:subject>
  <dc:type>Miscellaneous</dc:type>
  <dc:format />
</oai_dc:dc>