<oai_dc:dc xmlns:oai_dc="http://www.openarchives.org/OAI/2.0/oai_dc/" xmlns:dc="http://purl.org/dc/elements/1.1/" xmlns:xsi="http://www.w3.org/2001/XMLSchema-instance" xsi:schemaLocation="http://www.openarchives.org/OAI/2.0/oai_dc/  http://www.openarchives.org/OAI/2.0/oai_dc.xsd">
  <dc:title>Capacity to innovate from a system CGIAR research program perspective</dc:title>
  <dc:creator>C. Leeuwis</dc:creator>
  <dc:creator>M. Shut</dc:creator>
  <dc:creator>A. Waters-Bayer</dc:creator>
  <dc:creator>R. Mur</dc:creator>
  <dc:creator>K. Atta-Krah</dc:creator>
  <Publisher xmlns="http://www.openarchives.org/OAI/2.0/">CGIAR Research Program on Aquatic Agricultural Systems</Publisher>
  <dc:date>2014</dc:date>
  <dc:language>eng</dc:language>
  <dc:subject>capacity development</dc:subject>
  <dc:subject>innovation systems</dc:subject>
  <dc:subject>m&amp;e approach</dc:subject>
  <dc:type>Miscellaneous</dc:type>
  <dc:format />
</oai_dc:dc>