<oai_dc:dc xmlns:oai_dc="http://www.openarchives.org/OAI/2.0/oai_dc/" xmlns:dc="http://purl.org/dc/elements/1.1/" xmlns:xsi="http://www.w3.org/2001/XMLSchema-instance" xsi:schemaLocation="http://www.openarchives.org/OAI/2.0/oai_dc/  http://www.openarchives.org/OAI/2.0/oai_dc.xsd">
  <dc:title>The CHF Capacity Building Approach</dc:title>
  <dc:creator>F. Cynthia</dc:creator>
  <Publisher xmlns="http://www.openarchives.org/OAI/2.0/">CHF partners in rural development</Publisher>
  <dc:date>2007</dc:date>
  <dc:language>eng</dc:language>
  <dc:subject>africa</dc:subject>
  <dc:subject>cd</dc:subject>
  <dc:subject>cd system</dc:subject>
  <dc:subject>cd tools</dc:subject>
  <dc:subject>ethiopia</dc:subject>
  <dc:subject>zimbabwe</dc:subject>
  <dc:type>Book</dc:type>
  <dc:format>54</dc:format>
</oai_dc:dc>