<oai_dc:dc xmlns:oai_dc="http://www.openarchives.org/OAI/2.0/oai_dc/" xmlns:dc="http://purl.org/dc/elements/1.1/" xmlns:xsi="http://www.w3.org/2001/XMLSchema-instance" xsi:schemaLocation="http://www.openarchives.org/OAI/2.0/oai_dc/  http://www.openarchives.org/OAI/2.0/oai_dc.xsd">
  <dc:title>The need for institutional change in capacity development of tertiary agricultural education</dc:title>
  <dc:creator>R. Hawkins</dc:creator>
  <dc:creator>S. Mundie</dc:creator>
  <dc:creator>B. Gerard</dc:creator>
  <dc:creator>S. Jifke</dc:creator>
  <Publisher xmlns="http://www.openarchives.org/OAI/2.0/">Centre for Development Innovation</Publisher>
  <dc:date>2013</dc:date>
  <dc:language>eng</dc:language>
  <dc:subject>cd</dc:subject>
  <dc:subject>cd institutional</dc:subject>
  <dc:subject>cd learning</dc:subject>
  <dc:subject>knowledge and information sharing</dc:subject>
  <dc:type>Miscellaneous</dc:type>
  <dc:format />
</oai_dc:dc>