<oai_dc:dc xmlns:oai_dc="http://www.openarchives.org/OAI/2.0/oai_dc/" xmlns:dc="http://purl.org/dc/elements/1.1/" xmlns:xsi="http://www.w3.org/2001/XMLSchema-instance" xsi:schemaLocation="http://www.openarchives.org/OAI/2.0/oai_dc/  http://www.openarchives.org/OAI/2.0/oai_dc.xsd">
  <dc:title>Exploring the emerging facilitation and brokerage roles in agricultural extension education</dc:title>
  <dc:creator>A. Koutsouris</dc:creator>
  <Publisher xmlns="http://www.openarchives.org/OAI/2.0/">Agricultural University of Athens</Publisher>
  <dc:date>2009</dc:date>
  <dc:language>eng</dc:language>
  <dc:subject>extension</dc:subject>
  <dc:subject>is extension</dc:subject>
  <dc:subject>knowledge and learning</dc:subject>
  <dc:subject>learning&amp;facilitation</dc:subject>
  <dc:type>Unpublished</dc:type>
  <dc:format />
</oai_dc:dc>