<oai_dc:dc xmlns:oai_dc="http://www.openarchives.org/OAI/2.0/oai_dc/" xmlns:dc="http://purl.org/dc/elements/1.1/" xmlns:xsi="http://www.w3.org/2001/XMLSchema-instance" xsi:schemaLocation="http://www.openarchives.org/OAI/2.0/oai_dc/  http://www.openarchives.org/OAI/2.0/oai_dc.xsd">
  <dc:title>Innovation for Fashion or Action? Building Innovation Capacity</dc:title>
  <dc:creator>S. Nederlof</dc:creator>
  <dc:creator>M. Remco</dc:creator>
  <ISBN-Number xmlns="http://www.openarchives.org/OAI/2.0/">9789460222412</ISBN-Number>
  <Publisher xmlns="http://www.openarchives.org/OAI/2.0/">Royal Tropical Institute (KIT)</Publisher>
  <dc:date>2012</dc:date>
  <dc:description>&lt;p&gt;This book reports on a number of experiences at implementing innovation platforms in African countries. Elaborates on a number of learning lessons to feed back into design and implenttion processes.&lt;/p&gt;</dc:description>
  <dc:language>eng</dc:language>
  <dc:subject>ad&amp;case africa</dc:subject>
  <dc:subject>capacity building and development</dc:subject>
  <dc:subject>cd tools</dc:subject>
  <dc:subject>innovation system</dc:subject>
  <dc:subject>is learning and knowledge</dc:subject>
  <dc:type>Book</dc:type>
  <dc:format />
</oai_dc:dc>