<oai_dc:dc xmlns:oai_dc="http://www.openarchives.org/OAI/2.0/oai_dc/" xmlns:dc="http://purl.org/dc/elements/1.1/" xmlns:xsi="http://www.w3.org/2001/XMLSchema-instance" xsi:schemaLocation="http://www.openarchives.org/OAI/2.0/oai_dc/  http://www.openarchives.org/OAI/2.0/oai_dc.xsd">
  <dc:title>A systemic innovation policy framework: the cases of Scottish and Dutch Agrifood Innovation Systems</dc:title>
  <dc:creator>M. Islam</dc:creator>
  <dc:creator>D. Roep</dc:creator>
  <dc:creator>C. Lamprinopoulou</dc:creator>
  <dc:creator>A. Renwick</dc:creator>
  <dc:creator>L. Klerkx</dc:creator>
  <dc:creator>F. Hermans</dc:creator>
  <Publisher xmlns="http://www.openarchives.org/OAI/2.0/">The European Association of Agricultural Economists</Publisher>
  <dc:date>2012</dc:date>
  <dc:language>eng</dc:language>
  <dc:subject>cd</dc:subject>
  <dc:subject>innovation policies</dc:subject>
  <dc:subject>innovation systems</dc:subject>
  <dc:subject>netherlands</dc:subject>
  <dc:subject>scotland</dc:subject>
  <dc:type>Unpublished</dc:type>
  <dc:format>1–22</dc:format>
</oai_dc:dc>