<oai_dc:dc xmlns:oai_dc="http://www.openarchives.org/OAI/2.0/oai_dc/" xmlns:dc="http://purl.org/dc/elements/1.1/" xmlns:xsi="http://www.w3.org/2001/XMLSchema-instance" xsi:schemaLocation="http://www.openarchives.org/OAI/2.0/oai_dc/  http://www.openarchives.org/OAI/2.0/oai_dc.xsd">
  <dc:title>Innovation systems: analytical and methodological issues</dc:title>
  <dc:creator>B. Carlsson</dc:creator>
  <dc:creator>S. Jacobsson</dc:creator>
  <dc:creator>M. Holmén</dc:creator>
  <dc:creator>A. Rickne</dc:creator>
  <ISBN-Number xmlns="http://www.openarchives.org/OAI/2.0/">1216368503</ISBN-Number>
  <dc:source>Research Policy</dc:source>
  <dc:date>2002</dc:date>
  <dc:language>eng</dc:language>
  <dc:subject>capacity assessment</dc:subject>
  <dc:subject>cd concept development</dc:subject>
  <dc:subject>cd geographical cross-cutting</dc:subject>
  <dc:subject>cd systems</dc:subject>
  <dc:subject>components</dc:subject>
  <dc:subject>delineation</dc:subject>
  <dc:subject>geographical dimension</dc:subject>
  <dc:subject>innovation systems</dc:subject>
  <dc:subject>is institutional</dc:subject>
  <dc:subject>unit of analysis</dc:subject>
  <dc:type>Journal Article</dc:type>
  <dc:format>233–245</dc:format>
</oai_dc:dc>