<oai_dc:dc xmlns:oai_dc="http://www.openarchives.org/OAI/2.0/oai_dc/" xmlns:dc="http://purl.org/dc/elements/1.1/" xmlns:xsi="http://www.w3.org/2001/XMLSchema-instance" xsi:schemaLocation="http://www.openarchives.org/OAI/2.0/oai_dc/  http://www.openarchives.org/OAI/2.0/oai_dc.xsd">
  <dc:title>What Do Complex Adaptive Systems Look Like and What Are the Implications for Innovation Policy?</dc:title>
  <dc:creator>A. Hall</dc:creator>
  <dc:creator>N. Clark</dc:creator>
  <DOI xmlns="http://www.openarchives.org/OAI/2.0/">10.1002/jid.1690</DOI>
  <Publisher xmlns="http://www.openarchives.org/OAI/2.0/">United Nations University</Publisher>
  <URL xmlns="http://www.openarchives.org/OAI/2.0/">www.interscience.wiley.com</URL>
  <dc:date>2010</dc:date>
  <dc:description>&lt;p&gt;This paper explores the use of complex adaptive systems theory in development policy analysis using a case study drawn from recent events in Uganda. It documents the changes that took place in the farming system in Soroti district during an outbreak of African cassava mosaic virus disease (ACMVD) and the subsequent decline in cassava production — the main staple food in the area. Resultant adaptation impacts are analysed across cropping, biological, economic and social systems each of which operate as an interlinked sub-system. The policy implications of this story suggest a policy agenda that recognises adaptation capacity as the life blood of complex adaptive systems. Since these types of systems are found in all realms of human activity, it follows that strengthening this capacity is a key developmental priority that requires linking together new configurations of actors and resources to tackle an ever-changing set of contexts.&lt;/p&gt;</dc:description>
  <dc:language>eng</dc:language>
  <dc:subject>africa</dc:subject>
  <dc:subject>cd</dc:subject>
  <dc:subject>innovation systems</dc:subject>
  <dc:subject>m&amp;e</dc:subject>
  <dc:subject>uganda</dc:subject>
  <dc:type>Unpublished</dc:type>
  <dc:format>308–324</dc:format>
</oai_dc:dc>