<oai_dc:dc xmlns:oai_dc="http://www.openarchives.org/OAI/2.0/oai_dc/" xmlns:dc="http://purl.org/dc/elements/1.1/" xmlns:xsi="http://www.w3.org/2001/XMLSchema-instance" xsi:schemaLocation="http://www.openarchives.org/OAI/2.0/oai_dc/  http://www.openarchives.org/OAI/2.0/oai_dc.xsd">
  <dc:title>Agricultural Innovation in Latin America and the Caribbean: Institutional Scenarios and Mechanisms</dc:title>
  <dc:creator>E. Trigo</dc:creator>
  <dc:creator>C. Falconi</dc:creator>
  <Publisher xmlns="http://www.openarchives.org/OAI/2.0/">Inter-American Development Bank</Publisher>
  <dc:date>2013</dc:date>
  <dc:description>&lt;p&gt;Analysis of performance of Ag. Res in LAC and how thinking in capacity developments has evolved towards using a AIs framework. Focus on LAC&lt;/p&gt;</dc:description>
  <dc:language>eng</dc:language>
  <dc:subject>ad&amp;case latin america</dc:subject>
  <dc:subject>capacity assessment</dc:subject>
  <dc:subject>cd concept enhancing</dc:subject>
  <dc:subject>cd latin america</dc:subject>
  <dc:subject>cd system or policy</dc:subject>
  <dc:subject>innovation</dc:subject>
  <dc:subject>innovation systems</dc:subject>
  <dc:subject>is actor extension</dc:subject>
  <dc:subject>is actor private</dc:subject>
  <dc:subject>is actor public</dc:subject>
  <dc:subject>is actor research</dc:subject>
  <dc:subject>is latin america</dc:subject>
  <dc:subject>is technological</dc:subject>
  <dc:subject>latin america</dc:subject>
  <dc:subject>m&amp;e baseline</dc:subject>
  <dc:type>Miscellaneous</dc:type>
  <dc:format />
</oai_dc:dc>