<oai_dc:dc xmlns:oai_dc="http://www.openarchives.org/OAI/2.0/oai_dc/" xmlns:dc="http://purl.org/dc/elements/1.1/" xmlns:xsi="http://www.w3.org/2001/XMLSchema-instance" xsi:schemaLocation="http://www.openarchives.org/OAI/2.0/oai_dc/  http://www.openarchives.org/OAI/2.0/oai_dc.xsd">
  <dc:title>Farmer-driven research to improve food and nutrition security</dc:title>
  <dc:creator>I. Boto</dc:creator>
  <dc:creator>G. Dozzo</dc:creator>
  <dc:creator>A. Eric</dc:creator>
  <Publisher xmlns="http://www.openarchives.org/OAI/2.0/">CTA Brussels</Publisher>
  <dc:date>2013</dc:date>
  <dc:language>eng</dc:language>
  <dc:subject>cd</dc:subject>
  <dc:subject>food security</dc:subject>
  <dc:subject>innovation systems</dc:subject>
  <dc:subject>is geographical cross-cutting</dc:subject>
  <dc:subject>is research</dc:subject>
  <dc:type>Miscellaneous</dc:type>
  <dc:format>1–62</dc:format>
</oai_dc:dc>