<oai_dc:dc xmlns:oai_dc="http://www.openarchives.org/OAI/2.0/oai_dc/" xmlns:dc="http://purl.org/dc/elements/1.1/" xmlns:xsi="http://www.w3.org/2001/XMLSchema-instance" xsi:schemaLocation="http://www.openarchives.org/OAI/2.0/oai_dc/  http://www.openarchives.org/OAI/2.0/oai_dc.xsd">
  <dc:title>Technical Brief: USAID to Re-Engage in Supporting National Agricultural Research Systems</dc:title>
  <dc:creator>J. Anderson</dc:creator>
  <dc:creator>J. Roseboom</dc:creator>
  <dc:creator>W. Associates</dc:creator>
  <Publisher xmlns="http://www.openarchives.org/OAI/2.0/">United States Agency for International Development (USAID)</Publisher>
  <dc:date>2013</dc:date>
  <dc:language>eng</dc:language>
  <dc:subject>agricultural research</dc:subject>
  <dc:subject>cd</dc:subject>
  <dc:subject>is research</dc:subject>
  <dc:type>Unpublished</dc:type>
  <dc:format>1–6</dc:format>
</oai_dc:dc>