<oai_dc:dc xmlns:oai_dc="http://www.openarchives.org/OAI/2.0/oai_dc/" xmlns:dc="http://purl.org/dc/elements/1.1/" xmlns:xsi="http://www.w3.org/2001/XMLSchema-instance" xsi:schemaLocation="http://www.openarchives.org/OAI/2.0/oai_dc/  http://www.openarchives.org/OAI/2.0/oai_dc.xsd">
  <dc:title>Scientists, Industry and Farmers Marketing Sorghun in Andhra Pradesh</dc:title>
  <dc:creator>E. Crewe</dc:creator>
  <Publisher xmlns="http://www.openarchives.org/OAI/2.0/">ICRISAT</Publisher>
  <dc:date>Submitted</dc:date>
  <dc:language>eng</dc:language>
  <dc:subject>asia</dc:subject>
  <dc:subject>India</dc:subject>
  <dc:subject>innovation systems</dc:subject>
  <dc:subject>is extension</dc:subject>
  <dc:subject>is partnership</dc:subject>
  <dc:subject>is research</dc:subject>
  <dc:type>Miscellaneous</dc:type>
  <dc:format>1–11</dc:format>
</oai_dc:dc>