<oai_dc:dc xmlns:oai_dc="http://www.openarchives.org/OAI/2.0/oai_dc/" xmlns:dc="http://purl.org/dc/elements/1.1/" xmlns:xsi="http://www.w3.org/2001/XMLSchema-instance" xsi:schemaLocation="http://www.openarchives.org/OAI/2.0/oai_dc/  http://www.openarchives.org/OAI/2.0/oai_dc.xsd">
  <dc:title>Potential Impact of Road Projects on Habitat Loss and Greenhouse Gas Emissions in Guyana from 2012 to 2022 Potential Impact of Road Projects on Habitat Loss and Greenhouse Gas Emissions in Guyana from 2012 to 2022</dc:title>
  <dc:creator>L. Reymondin</dc:creator>
  <dc:creator>C. Navarrete</dc:creator>
  <dc:creator>G. Watkins</dc:creator>
  <dc:creator>A. Coca</dc:creator>
  <Publisher xmlns="http://www.openarchives.org/OAI/2.0/">Inter-American Development Bank (IDB)</Publisher>
  <dc:date>2014</dc:date>
  <dc:language>eng</dc:language>
  <dc:subject>guyana</dc:subject>
  <dc:subject>m&amp;e</dc:subject>
  <dc:subject>m&amp;e environment</dc:subject>
  <dc:subject>m&amp;e impact study</dc:subject>
  <dc:subject>m&amp;e latin america</dc:subject>
  <dc:type>Miscellaneous</dc:type>
  <dc:format />
</oai_dc:dc>