<oai_dc:dc xmlns:oai_dc="http://www.openarchives.org/OAI/2.0/oai_dc/" xmlns:dc="http://purl.org/dc/elements/1.1/" xmlns:xsi="http://www.w3.org/2001/XMLSchema-instance" xsi:schemaLocation="http://www.openarchives.org/OAI/2.0/oai_dc/  http://www.openarchives.org/OAI/2.0/oai_dc.xsd">
  <dc:title>One Finger Cannot Lift a Rock: Facilitating Innovation Platforms to Trigger Institutional Change in West Africa</dc:title>
  <dc:creator>S. Nederlof</dc:creator>
  <dc:creator>R. Pyburn</dc:creator>
  <ISBN-Number xmlns="http://www.openarchives.org/OAI/2.0/">9789460221972</ISBN-Number>
  <Publisher xmlns="http://www.openarchives.org/OAI/2.0/">Royal Tropical Institute (KIT)</Publisher>
  <dc:date>2012</dc:date>
  <dc:description>&lt;p&gt;In this book, West African research associates from the CoS-SIS programme describe how they initiated innovation platforms and facilitated the different steps in a CIG cycle. The stories show that the facilitation of innovation platforms is not easy: it requires specific skills and a lot of time, and is very much determined by the context. But they also illustrate that there are creative ways of dealing with the challenges and unpredictable situations that facilitators face.&lt;/p&gt;</dc:description>
  <dc:language>eng</dc:language>
  <dc:subject>ad&amp;case africa</dc:subject>
  <dc:subject>cd assessment</dc:subject>
  <dc:subject>cd tools</dc:subject>
  <dc:subject>innovation system</dc:subject>
  <dc:subject>is institutional</dc:subject>
  <dc:subject>is knowledge and learning</dc:subject>
  <dc:type>Book</dc:type>
  <dc:format />
</oai_dc:dc>