<oai_dc:dc xmlns:oai_dc="http://www.openarchives.org/OAI/2.0/oai_dc/" xmlns:dc="http://purl.org/dc/elements/1.1/" xmlns:xsi="http://www.w3.org/2001/XMLSchema-instance" xsi:schemaLocation="http://www.openarchives.org/OAI/2.0/oai_dc/  http://www.openarchives.org/OAI/2.0/oai_dc.xsd">
  <dc:title>Report: Creating Wealth with Seed Potatoes in Ethiopia</dc:title>
  <dc:creator>R. Bymolt</dc:creator>
  <Publisher xmlns="http://www.openarchives.org/OAI/2.0/">Royal Tropical Institute (KIT)</Publisher>
  <dc:date>2014</dc:date>
  <dc:language>eng</dc:language>
  <dc:subject>africa</dc:subject>
  <dc:subject>cd</dc:subject>
  <dc:subject>cd organizational</dc:subject>
  <dc:subject>ethiopia</dc:subject>
  <dc:subject>small holders</dc:subject>
  <dc:type>Miscellaneous</dc:type>
  <dc:format />
</oai_dc:dc>