<oai_dc:dc xmlns:oai_dc="http://www.openarchives.org/OAI/2.0/oai_dc/" xmlns:dc="http://purl.org/dc/elements/1.1/" xmlns:xsi="http://www.w3.org/2001/XMLSchema-instance" xsi:schemaLocation="http://www.openarchives.org/OAI/2.0/oai_dc/  http://www.openarchives.org/OAI/2.0/oai_dc.xsd">
  <dc:title>Analazing the Agricultural Science Technology and Innovation (ASTI) Systems in ACP Countries</dc:title>
  <dc:creator>K.I.T. CTA</dc:creator>
  <Publisher xmlns="http://www.openarchives.org/OAI/2.0/">Royal Tropical Institute (KIT)</Publisher>
  <dc:date>2005</dc:date>
  <dc:language>eng</dc:language>
  <dc:subject>innovation systems</dc:subject>
  <dc:subject>is research</dc:subject>
  <dc:type>Unpublished</dc:type>
  <dc:format />
</oai_dc:dc>