<oai_dc:dc xmlns:oai_dc="http://www.openarchives.org/OAI/2.0/oai_dc/" xmlns:dc="http://purl.org/dc/elements/1.1/" xmlns:xsi="http://www.w3.org/2001/XMLSchema-instance" xsi:schemaLocation="http://www.openarchives.org/OAI/2.0/oai_dc/  http://www.openarchives.org/OAI/2.0/oai_dc.xsd">
  <dc:title>Developing Skills for Innovation and a High Income Economy in Malaysia: A Technical Assessment of the Current Context and Future Workforce Requirements</dc:title>
  <dc:creator>W. Bank</dc:creator>
  <Publisher xmlns="http://www.openarchives.org/OAI/2.0/">World Bank</Publisher>
  <dc:date>2013</dc:date>
  <dc:language>eng</dc:language>
  <dc:subject>asia</dc:subject>
  <dc:subject>cd</dc:subject>
  <dc:subject>cd organizational</dc:subject>
  <dc:subject>cd system</dc:subject>
  <dc:subject>impact assessment</dc:subject>
  <dc:subject>innovation policies</dc:subject>
  <dc:subject>knowledge and information sharing</dc:subject>
  <dc:subject>malaysia</dc:subject>
  <dc:type>Miscellaneous</dc:type>
  <dc:format />
</oai_dc:dc>