<oai_dc:dc xmlns:oai_dc="http://www.openarchives.org/OAI/2.0/oai_dc/" xmlns:dc="http://purl.org/dc/elements/1.1/" xmlns:xsi="http://www.w3.org/2001/XMLSchema-instance" xsi:schemaLocation="http://www.openarchives.org/OAI/2.0/oai_dc/  http://www.openarchives.org/OAI/2.0/oai_dc.xsd">
  <dc:title>Learning from implementation of community selection in Zambia, Solomon Islands, and Bangladesh AAS hubs</dc:title>
  <dc:creator />
  <Publisher xmlns="http://www.openarchives.org/OAI/2.0/">CGIAR Research Program on Aquatic Agricultural Systems</Publisher>
  <dc:date>2013</dc:date>
  <dc:language>eng</dc:language>
  <dc:subject>m&amp;e approach</dc:subject>
  <dc:subject>m&amp;e geographical cross-cutting</dc:subject>
  <dc:subject>m&amp;e tools</dc:subject>
  <dc:type>Miscellaneous</dc:type>
  <dc:format />
</oai_dc:dc>