<oai_dc:dc xmlns:oai_dc="http://www.openarchives.org/OAI/2.0/oai_dc/" xmlns:dc="http://purl.org/dc/elements/1.1/" xmlns:xsi="http://www.w3.org/2001/XMLSchema-instance" xsi:schemaLocation="http://www.openarchives.org/OAI/2.0/oai_dc/  http://www.openarchives.org/OAI/2.0/oai_dc.xsd">
  <dc:title>Evolution of systems approaches to agricultural innovation: concepts, analysis and interventions</dc:title>
  <dc:creator>L. Klerkx</dc:creator>
  <dc:creator>B. Van Mierlo</dc:creator>
  <dc:creator>C. Leeuwis</dc:creator>
  <dc:creator>I. Darnhofer</dc:creator>
  <dc:creator>D. Gibbon</dc:creator>
  <dc:creator>B.^ıt Dedieu</dc:creator>
  <DOI xmlns="http://www.openarchives.org/OAI/2.0/">10.1007/978-94-007-4503-2</DOI>
  <ISBN-Number xmlns="http://www.openarchives.org/OAI/2.0/">9789400745032</ISBN-Number>
  <Publisher xmlns="http://www.openarchives.org/OAI/2.0/">Springer Netherlands</Publisher>
  <dc:source>Farming Systems Research into the 21st Century: The New Dynamic</dc:source>
  <URL xmlns="http://www.openarchives.org/OAI/2.0/">http://oro.open.ac.uk/34055/</URL>
  <dc:date>2012</dc:date>
  <dc:description>&lt;p&gt;Six key themes that emerged from the European Union (EU) funded LEARNing project designed to develop and test a systemic approach to research practice are reported. The focus was on the learning and knowing processes experienced by individuals, groups and institutions that emerges from collective action and results in changes in practices or in the potential to change practices of those involved. The authors, drawn by the idea that the key to understanding knowledge is to be found in “how we know what we know”, or, in other words, in the processes of “learning and knowing” present these themes: processes, theory, evaluation, institutionalisation and social and professional practice as a basis for further innovation in the conduct of R&amp;amp;D and as a basis for future capability building of researchers.&lt;/p&gt;</dc:description>
  <dc:language>eng</dc:language>
  <dc:subject>agricultural innovation systems</dc:subject>
  <dc:subject>innovation systems</dc:subject>
  <dc:subject>is research</dc:subject>
  <dc:type>Book Chapter</dc:type>
  <dc:format>457–483</dc:format>
</oai_dc:dc>