<oai_dc:dc xmlns:oai_dc="http://www.openarchives.org/OAI/2.0/oai_dc/" xmlns:dc="http://purl.org/dc/elements/1.1/" xmlns:xsi="http://www.w3.org/2001/XMLSchema-instance" xsi:schemaLocation="http://www.openarchives.org/OAI/2.0/oai_dc/  http://www.openarchives.org/OAI/2.0/oai_dc.xsd">
  <dc:title>Improving Policymaking for Agricultural and Rural Development in Africa: The role of ICTs and Knowledge Management</dc:title>
  <dc:creator>T.P.R. Nyirenda-Jere</dc:creator>
  <dc:creator>J.A. Kazembe</dc:creator>
  <ISBN-Number xmlns="http://www.openarchives.org/OAI/2.0/">9781784310875</ISBN-Number>
  <Publisher xmlns="http://www.openarchives.org/OAI/2.0/">International Institute for Environment and Development (IED)</Publisher>
  <dc:date>2014</dc:date>
  <dc:language>eng</dc:language>
  <dc:subject>africa</dc:subject>
  <dc:subject>Agriculture</dc:subject>
  <dc:subject>and rural development</dc:subject>
  <dc:subject>icts</dc:subject>
  <dc:subject>km</dc:subject>
  <dc:subject>km tools</dc:subject>
  <dc:subject>knowledge and information sharing</dc:subject>
  <dc:subject>knowledge management</dc:subject>
  <dc:subject>policymaking</dc:subject>
  <dc:type>Unpublished</dc:type>
  <dc:format />
</oai_dc:dc>