<oai_dc:dc xmlns:oai_dc="http://www.openarchives.org/OAI/2.0/oai_dc/" xmlns:dc="http://purl.org/dc/elements/1.1/" xmlns:xsi="http://www.w3.org/2001/XMLSchema-instance" xsi:schemaLocation="http://www.openarchives.org/OAI/2.0/oai_dc/  http://www.openarchives.org/OAI/2.0/oai_dc.xsd">
  <dc:title>Practical Guide to Capacity Development in a Sector Context</dc:title>
  <dc:creator />
  <Publisher xmlns="http://www.openarchives.org/OAI/2.0/">Asian Development Bank (ADB)</Publisher>
  <dc:date>2011</dc:date>
  <dc:language>eng</dc:language>
  <dc:subject>asia</dc:subject>
  <dc:subject>cd</dc:subject>
  <dc:type>Miscellaneous</dc:type>
  <dc:format>1–10</dc:format>
</oai_dc:dc>