<oai_dc:dc xmlns:oai_dc="http://www.openarchives.org/OAI/2.0/oai_dc/" xmlns:dc="http://purl.org/dc/elements/1.1/" xmlns:xsi="http://www.w3.org/2001/XMLSchema-instance" xsi:schemaLocation="http://www.openarchives.org/OAI/2.0/oai_dc/  http://www.openarchives.org/OAI/2.0/oai_dc.xsd">
  <dc:title>Integrated Agricultural Research for Development</dc:title>
  <dc:creator>R. Hawkins</dc:creator>
  <dc:creator>W. Heemskerk</dc:creator>
  <dc:creator>R. Booth</dc:creator>
  <dc:creator>J. Daane</dc:creator>
  <dc:creator>A. Maatman</dc:creator>
  <dc:creator>aa Adekunle</dc:creator>
  <Publisher xmlns="http://www.openarchives.org/OAI/2.0/">Forum for Agricultural Research in Africa (FARA)</Publisher>
  <dc:date>2009</dc:date>
  <dc:language>eng</dc:language>
  <dc:subject>innovation systems</dc:subject>
  <dc:subject>is africa</dc:subject>
  <dc:subject>is research</dc:subject>
  <dc:type>Miscellaneous</dc:type>
  <dc:format />
</oai_dc:dc>