<oai_dc:dc xmlns:oai_dc="http://www.openarchives.org/OAI/2.0/oai_dc/" xmlns:dc="http://purl.org/dc/elements/1.1/" xmlns:xsi="http://www.w3.org/2001/XMLSchema-instance" xsi:schemaLocation="http://www.openarchives.org/OAI/2.0/oai_dc/  http://www.openarchives.org/OAI/2.0/oai_dc.xsd">
  <dc:title>Evaluating value chain interventions: A review of recent evidence</dc:title>
  <dc:creator>M. Kidoido</dc:creator>
  <dc:creator>K. Child</dc:creator>
  <DOI xmlns="http://www.openarchives.org/OAI/2.0/">10.1080/01944360903490923</DOI>
  <Publisher xmlns="http://www.openarchives.org/OAI/2.0/">International Livestock Research Institute (ILRI)</Publisher>
  <dc:date>2014</dc:date>
  <dc:language>eng</dc:language>
  <dc:subject>m&amp;e</dc:subject>
  <dc:subject>m&amp;e impact</dc:subject>
  <dc:type>Unpublished</dc:type>
  <dc:format />
</oai_dc:dc>