<oai_dc:dc xmlns:oai_dc="http://www.openarchives.org/OAI/2.0/oai_dc/" xmlns:dc="http://purl.org/dc/elements/1.1/" xmlns:xsi="http://www.w3.org/2001/XMLSchema-instance" xsi:schemaLocation="http://www.openarchives.org/OAI/2.0/oai_dc/  http://www.openarchives.org/OAI/2.0/oai_dc.xsd">
  <dc:title>Using Programme Theory to Evaluate Complicated and Complex Aspects of Interventions</dc:title>
  <dc:creator>P.J. Rogers</dc:creator>
  <DOI xmlns="http://www.openarchives.org/OAI/2.0/">10.1177/1356389007084674</DOI>
  <ISBN-Number xmlns="http://www.openarchives.org/OAI/2.0/">1356389007</ISBN-Number>
  <dc:source>Evaluation</dc:source>
  <dc:date>2008</dc:date>
  <dc:description>&lt;p&gt;This article proposes ways to use programme theory for evaluating aspects of programmes that are complicated or complex. It argues that there are useful distinctions to be drawn between aspects that are complicated and those that are complex, and provides examples of programme theory evaluations that have usefully represented and address both of these. While complexity has been defi ned in varied ways in previous discussions of evaluation theory and practice, this article draws on Glouberman and Zimmerman’s conceptualization of the differences between what is complicated (multiple components) and what is complex (emergent). Complicated programme theory may be used to represent interventions with multiple components, multiple agencies, multiple simultaneous causal strands and/or multiple alternative causal strands. Complex programme theory may be used to represent recursive causality (with reinforcing loops), disproportionate relationships (where at critical levels, a small change can make a big difference – a ‘tipping point’) and emergent outcomes.&lt;/p&gt;</dc:description>
  <dc:language>eng</dc:language>
  <dc:subject>m&amp;e</dc:subject>
  <dc:subject>m&amp;e impact study</dc:subject>
  <dc:subject>m&amp;e tools</dc:subject>
  <dc:type>Journal Article</dc:type>
  <dc:format>29–48</dc:format>
</oai_dc:dc>