<oai_dc:dc xmlns:oai_dc="http://www.openarchives.org/OAI/2.0/oai_dc/" xmlns:dc="http://purl.org/dc/elements/1.1/" xmlns:xsi="http://www.w3.org/2001/XMLSchema-instance" xsi:schemaLocation="http://www.openarchives.org/OAI/2.0/oai_dc/  http://www.openarchives.org/OAI/2.0/oai_dc.xsd">
  <dc:title>Revisiting Rural Advisory Services in the Emerging Context of Agricultural Technology Transfer in Asia-Pacific</dc:title>
  <dc:creator>V.R. Cardenas</dc:creator>
  <Publisher xmlns="http://www.openarchives.org/OAI/2.0/">University of the Philippines</Publisher>
  <dc:date>Submitted</dc:date>
  <dc:language>eng</dc:language>
  <dc:subject>asia</dc:subject>
  <dc:subject>is extension</dc:subject>
  <dc:subject>is international</dc:subject>
  <dc:type>Miscellaneous</dc:type>
  <dc:format />
</oai_dc:dc>