<oai_dc:dc xmlns:oai_dc="http://www.openarchives.org/OAI/2.0/oai_dc/" xmlns:dc="http://purl.org/dc/elements/1.1/" xmlns:xsi="http://www.w3.org/2001/XMLSchema-instance" xsi:schemaLocation="http://www.openarchives.org/OAI/2.0/oai_dc/  http://www.openarchives.org/OAI/2.0/oai_dc.xsd">
  <dc:title>New Organisational and Institutional Vehicles for Managing Innovation in South Asia: Opportunities for Using Research for Technical Change and Social Gain</dc:title>
  <dc:creator>V. Reddy</dc:creator>
  <dc:creator>A. Hall</dc:creator>
  <dc:creator>R.Sulaiman V</dc:creator>
  <Publisher xmlns="http://www.openarchives.org/OAI/2.0/">United Nations University</Publisher>
  <dc:date>2010</dc:date>
  <dc:language>eng</dc:language>
  <dc:subject>is asia</dc:subject>
  <dc:subject>is research</dc:subject>
  <dc:type>Unpublished</dc:type>
  <dc:format />
</oai_dc:dc>