<oai_dc:dc xmlns:oai_dc="http://www.openarchives.org/OAI/2.0/oai_dc/" xmlns:dc="http://purl.org/dc/elements/1.1/" xmlns:xsi="http://www.w3.org/2001/XMLSchema-instance" xsi:schemaLocation="http://www.openarchives.org/OAI/2.0/oai_dc/  http://www.openarchives.org/OAI/2.0/oai_dc.xsd">
  <dc:title>Landscape level characterization of seasonal floodplains under community based aquaculture: illustrating a case of the Ganges and the Mekong Delta</dc:title>
  <dc:creator>N. Nidhi</dc:creator>
  <dc:creator>B. Martin</dc:creator>
  <Publisher xmlns="http://www.openarchives.org/OAI/2.0/">CGIAR Challenge Program on Water &amp;amp; Food</Publisher>
  <dc:date>2010</dc:date>
  <dc:description>&lt;p&gt;See pdf&lt;/p&gt;</dc:description>
  <dc:language>eng</dc:language>
  <dc:subject>community based</dc:subject>
  <dc:subject>fish culture</dc:subject>
  <dc:subject>floodplain</dc:subject>
  <dc:subject>geographical cross cutting</dc:subject>
  <dc:subject>India</dc:subject>
  <dc:subject>Mekong Delta</dc:subject>
  <dc:subject>project</dc:subject>
  <dc:subject>vietnam</dc:subject>
  <dc:type>Unpublished</dc:type>
  <dc:format>84</dc:format>
</oai_dc:dc>