<oai_dc:dc xmlns:oai_dc="http://www.openarchives.org/OAI/2.0/oai_dc/" xmlns:dc="http://purl.org/dc/elements/1.1/" xmlns:xsi="http://www.w3.org/2001/XMLSchema-instance" xsi:schemaLocation="http://www.openarchives.org/OAI/2.0/oai_dc/  http://www.openarchives.org/OAI/2.0/oai_dc.xsd">
  <dc:title>FairTrade’s theory of change: an evaluation based on the cooperative life cycle framework and mixed methods</dc:title>
  <dc:creator>G.Nicola Francesconi</dc:creator>
  <dc:creator>R. Ruben</dc:creator>
  <DOI xmlns="http://www.openarchives.org/OAI/2.0/">10.1080/19439342.2014.918164</DOI>
  <dc:source>Journal of Development Effectiveness</dc:source>
  <dc:date>2014</dc:date>
  <dc:language>eng</dc:language>
  <dc:subject>africa</dc:subject>
  <dc:subject>m&amp;e</dc:subject>
  <dc:subject>m&amp;e output oriented</dc:subject>
  <dc:subject>small holders</dc:subject>
  <dc:type>Journal Article</dc:type>
  <dc:format>37–41</dc:format>
</oai_dc:dc>