<oai_dc:dc xmlns:oai_dc="http://www.openarchives.org/OAI/2.0/oai_dc/" xmlns:dc="http://purl.org/dc/elements/1.1/" xmlns:xsi="http://www.w3.org/2001/XMLSchema-instance" xsi:schemaLocation="http://www.openarchives.org/OAI/2.0/oai_dc/  http://www.openarchives.org/OAI/2.0/oai_dc.xsd">
  <dc:title>Institutional Innovations for Building Impact-Oriented Agricultural Research, Knowledge and Development Institutions</dc:title>
  <dc:creator>T. M.M.</dc:creator>
  <dc:creator>R. KPC.</dc:creator>
  <dc:creator>B. R.</dc:creator>
  <dc:creator>K. I.</dc:creator>
  <dc:source>Learning Publics Journal of Agriculture and Environmental Studies</dc:source>
  <dc:date>2011</dc:date>
  <dc:language>eng</dc:language>
  <dc:subject>africa</dc:subject>
  <dc:subject>cd</dc:subject>
  <dc:subject>innovation systems</dc:subject>
  <dc:subject>is institutional</dc:subject>
  <dc:subject>is research</dc:subject>
  <dc:type>Journal Article</dc:type>
  <dc:format />
</oai_dc:dc>