<oai_dc:dc xmlns:oai_dc="http://www.openarchives.org/OAI/2.0/oai_dc/" xmlns:dc="http://purl.org/dc/elements/1.1/" xmlns:xsi="http://www.w3.org/2001/XMLSchema-instance" xsi:schemaLocation="http://www.openarchives.org/OAI/2.0/oai_dc/  http://www.openarchives.org/OAI/2.0/oai_dc.xsd">
  <dc:title>The functions of facilitation in multi-stakeholder learning: lessons learned from capacity development on value chains management in innovation platforms in Burkina Faso and Ghana Jean-Joseph Cadilhon</dc:title>
  <dc:creator>Jjoseph Cadilhon</dc:creator>
  <dc:source>Knowledge Management for Development Journal</dc:source>
  <dc:date>2013</dc:date>
  <dc:description>&lt;p&gt;Innovation platforms are groups of individuals or stakeholder representatives with different backgrounds and interests. They come together to diagnose problems, identify opportunities, and find ways to achieve their goals. When innovation platforms are set up by development projects, their processes are usually facilitated by the support organization. This short story presents how the author’s facilitation allowed the multiple stakeholders within local community innovation platforms supported by a project in Ghana and Burkina Faso to share experiences and knowledge so as to develop their respective capacities in value chains’ management and analysis. The main lesson from this story is that when facilitation by the support organization effectively supports learning processes by the stakeholders, it helps bring about recognition that commitment and communication are essential to help smallholders benefit from value chains and the subsequent engagement of all stakeholders in a continuous learning process. In time, the members of the innovation platform will take the responsibility to carry out further knowledge sharing activities without project support&lt;/p&gt;</dc:description>
  <dc:language>eng</dc:language>
  <dc:subject>africa</dc:subject>
  <dc:subject>burkina faso</dc:subject>
  <dc:subject>development</dc:subject>
  <dc:subject>ghana</dc:subject>
  <dc:subject>helping smallholder farmers adopt</dc:subject>
  <dc:subject>innovation platforms</dc:subject>
  <dc:subject>knowledge and information sharing</dc:subject>
  <dc:subject>learning</dc:subject>
  <dc:subject>learning&amp;facilitation</dc:subject>
  <dc:subject>multi-stakeholder processes</dc:subject>
  <dc:subject>multi-stakeholders processes</dc:subject>
  <dc:subject>new agricultural and water</dc:subject>
  <dc:subject>projects</dc:subject>
  <dc:subject>small farmers</dc:subject>
  <dc:subject>small holders</dc:subject>
  <dc:subject>the volta2 project is</dc:subject>
  <dc:subject>value chains</dc:subject>
  <dc:type>Journal Article</dc:type>
  <dc:format>174–181</dc:format>
</oai_dc:dc>