<oai_dc:dc xmlns:oai_dc="http://www.openarchives.org/OAI/2.0/oai_dc/" xmlns:dc="http://purl.org/dc/elements/1.1/" xmlns:xsi="http://www.w3.org/2001/XMLSchema-instance" xsi:schemaLocation="http://www.openarchives.org/OAI/2.0/oai_dc/  http://www.openarchives.org/OAI/2.0/oai_dc.xsd">
  <dc:title>Applying Innovation System Principles to Fodder Scarcity: Experiences from the Fodder Innovation Project</dc:title>
  <dc:creator>T.S.Vamsidha Reddy</dc:creator>
  <dc:creator>R. Puskur</dc:creator>
  <dc:creator>A. Hall</dc:creator>
  <dc:creator>R.Sulaiman V</dc:creator>
  <Publisher xmlns="http://www.openarchives.org/OAI/2.0/">Centre for Research on Innovation and Science Policy (CRISP)</Publisher>
  <dc:date>2013</dc:date>
  <dc:language>eng</dc:language>
  <dc:subject>India</dc:subject>
  <dc:subject>is asia</dc:subject>
  <dc:subject>is institutional</dc:subject>
  <dc:subject>is organizational</dc:subject>
  <dc:subject>is research</dc:subject>
  <dc:type>Unpublished</dc:type>
  <dc:format />
</oai_dc:dc>