<oai_dc:dc xmlns:oai_dc="http://www.openarchives.org/OAI/2.0/oai_dc/" xmlns:dc="http://purl.org/dc/elements/1.1/" xmlns:xsi="http://www.w3.org/2001/XMLSchema-instance" xsi:schemaLocation="http://www.openarchives.org/OAI/2.0/oai_dc/  http://www.openarchives.org/OAI/2.0/oai_dc.xsd">
  <dc:title>Promoting Institutional &amp;amp; Organisational Development: A Source Book of Tools and Techniques</dc:title>
  <dc:creator />
  <Publisher xmlns="http://www.openarchives.org/OAI/2.0/">Department for International Development (DFID)</Publisher>
  <dc:date>2003</dc:date>
  <dc:language>eng</dc:language>
  <dc:subject>cd</dc:subject>
  <dc:subject>cd institutional</dc:subject>
  <dc:subject>cd organizational</dc:subject>
  <dc:subject>cd tools</dc:subject>
  <dc:type>Book</dc:type>
  <dc:format>51</dc:format>
</oai_dc:dc>