<oai_dc:dc xmlns:oai_dc="http://www.openarchives.org/OAI/2.0/oai_dc/" xmlns:dc="http://purl.org/dc/elements/1.1/" xmlns:xsi="http://www.w3.org/2001/XMLSchema-instance" xsi:schemaLocation="http://www.openarchives.org/OAI/2.0/oai_dc/  http://www.openarchives.org/OAI/2.0/oai_dc.xsd">
  <dc:title>Agricultural Innovation Systems: From Diagnostics toward Operational Practices Systems</dc:title>
  <dc:creator>R. Rajalahti</dc:creator>
  <dc:creator>W. Janssen</dc:creator>
  <dc:creator>E. Pehu</dc:creator>
  <Publisher xmlns="http://www.openarchives.org/OAI/2.0/">The World Bank</Publisher>
  <dc:source>Agriculture and Rural Development</dc:source>
  <URL xmlns="http://www.openarchives.org/OAI/2.0/">http://scholar.google.com/scholar?hl=en&amp;amp;btnG=Search&amp;amp;q=intitle:Agricultural+Innovation+Systems:+From+Diagnostics+toward+Operational+Practices+Systems#0</URL>
  <dc:date>2008</dc:date>
  <dc:description>&lt;p&gt;Proceedings of a workshop dealing with issues around enhancing agricultural innovation and the impact and usefulness of ag R&amp;amp;D. It includes stakeholders analysis, different levels of case studies and specific innovation experiences and has policy and specific action recommendations.&lt;/p&gt;</dc:description>
  <dc:language>eng</dc:language>
  <dc:subject>ad &amp;case geographical cross cutting</dc:subject>
  <dc:subject>capacity assessment</dc:subject>
  <dc:subject>cd concept assessment</dc:subject>
  <dc:subject>cd food security</dc:subject>
  <dc:subject>cd gender &amp; inclusivness</dc:subject>
  <dc:subject>cd geographical cross cutting</dc:subject>
  <dc:subject>cd organizational environment</dc:subject>
  <dc:subject>cd system or policy</dc:subject>
  <dc:subject>innovation systems</dc:subject>
  <dc:subject>is actor extension</dc:subject>
  <dc:subject>is actor farmer organization</dc:subject>
  <dc:subject>is actor market</dc:subject>
  <dc:subject>is actor ngo</dc:subject>
  <dc:subject>is actor primary</dc:subject>
  <dc:subject>is actor private</dc:subject>
  <dc:subject>is actor public</dc:subject>
  <dc:subject>is actor research</dc:subject>
  <dc:subject>m&amp;e impact assessment</dc:subject>
  <dc:type>Conference Paper</dc:type>
  <dc:format>87</dc:format>
</oai_dc:dc>