<oai_dc:dc xmlns:oai_dc="http://www.openarchives.org/OAI/2.0/oai_dc/" xmlns:dc="http://purl.org/dc/elements/1.1/" xmlns:xsi="http://www.w3.org/2001/XMLSchema-instance" xsi:schemaLocation="http://www.openarchives.org/OAI/2.0/oai_dc/  http://www.openarchives.org/OAI/2.0/oai_dc.xsd">
  <dc:title>Navigating amidst complexity: Guide to implementing effective research and development to improve the environment</dc:title>
  <dc:creator>A. Stroud</dc:creator>
  <dc:creator>R. Thomas</dc:creator>
  <dc:creator>E. Wollenberg</dc:creator>
  <ISBN-Number xmlns="http://www.openarchives.org/OAI/2.0/">9792446648</ISBN-Number>
  <Publisher xmlns="http://www.openarchives.org/OAI/2.0/">Center for International Forestry Research</Publisher>
  <dc:date>2006</dc:date>
  <dc:language>eng</dc:language>
  <dc:subject>capacity building</dc:subject>
  <dc:subject>innovation systems</dc:subject>
  <dc:subject>is asia</dc:subject>
  <dc:subject>is research</dc:subject>
  <dc:type>Book</dc:type>
  <dc:format />
</oai_dc:dc>