<oai_dc:dc xmlns:oai_dc="http://www.openarchives.org/OAI/2.0/oai_dc/" xmlns:dc="http://purl.org/dc/elements/1.1/" xmlns:xsi="http://www.w3.org/2001/XMLSchema-instance" xsi:schemaLocation="http://www.openarchives.org/OAI/2.0/oai_dc/  http://www.openarchives.org/OAI/2.0/oai_dc.xsd">
  <dc:title>Evolution of systems approaches to agricultural innovation: concepts , analysis and interventions</dc:title>
  <dc:creator>L. Klerkx</dc:creator>
  <dc:creator>B. Van Mierlo</dc:creator>
  <dc:creator>C. Leeuwis</dc:creator>
  <DOI xmlns="http://www.openarchives.org/OAI/2.0/">10.1007/978-94-007-4503-2</DOI>
  <ISBN-Number xmlns="http://www.openarchives.org/OAI/2.0/">9789400745032</ISBN-Number>
  <dc:date>2012</dc:date>
  <dc:description>&lt;p&gt;The paper is an attempt to synthesize and organize the existing literature, this chapter reviews the literature on agricultural innovation, with the threefold goal of (1) sketching the evolution of systemic approaches to agricultural innovation and unravelling the different interpretations; (2) assessing key factors for innovation system performance and demonstrating the use of system thinking in the facilitation of processes of agricultural innovation by means of innovation brokers and reflexive process monitoring; and (3) formulating an agenda for future research.&lt;/p&gt;</dc:description>
  <dc:language>eng</dc:language>
  <dc:subject>capacity assessment</dc:subject>
  <dc:subject>capacity buiding</dc:subject>
  <dc:subject>innovation system</dc:subject>
  <dc:subject>is knowledge and learning</dc:subject>
  <dc:subject>knowledge management</dc:subject>
  <dc:type>Book</dc:type>
  <dc:format>457–483</dc:format>
</oai_dc:dc>