<oai_dc:dc xmlns:oai_dc="http://www.openarchives.org/OAI/2.0/oai_dc/" xmlns:dc="http://purl.org/dc/elements/1.1/" xmlns:xsi="http://www.w3.org/2001/XMLSchema-instance" xsi:schemaLocation="http://www.openarchives.org/OAI/2.0/oai_dc/  http://www.openarchives.org/OAI/2.0/oai_dc.xsd">
  <dc:title>Evaluation as a multi-stakeholder learning process : the Programme for Capacity and Theory Building for Universities and Research Centres in Endogenous Development (CAPTURED ) in Bolivia , Ghana and India</dc:title>
  <dc:creator>D. Millar</dc:creator>
  <dc:creator>R. Orellana</dc:creator>
  <dc:creator>F. Delgado</dc:creator>
  <dc:creator>B. Nair</dc:creator>
  <dc:creator>D. Shankar</dc:creator>
  <dc:creator>J. Brouwers</dc:creator>
  <dc:source>Knowledge Management for Development Journal</dc:source>
  <dc:date>2013</dc:date>
  <dc:language>eng</dc:language>
  <dc:subject>bolivia</dc:subject>
  <dc:subject>capacity building</dc:subject>
  <dc:subject>design of the evaluation</dc:subject>
  <dc:subject>development programmes</dc:subject>
  <dc:subject>evaluation</dc:subject>
  <dc:subject>ghana</dc:subject>
  <dc:subject>higher education</dc:subject>
  <dc:subject>India</dc:subject>
  <dc:subject>knowledge and learning</dc:subject>
  <dc:subject>m&amp;e</dc:subject>
  <dc:subject>m&amp;e africa</dc:subject>
  <dc:subject>m&amp;e asia</dc:subject>
  <dc:subject>m&amp;e latin america</dc:subject>
  <dc:subject>multi-stakeholders</dc:subject>
  <dc:subject>of the</dc:subject>
  <dc:subject>the present article reviews</dc:subject>
  <dc:subject>the results and methodological</dc:subject>
  <dc:type>Journal Article</dc:type>
  <dc:format>47–62</dc:format>
</oai_dc:dc>