<oai_dc:dc xmlns:oai_dc="http://www.openarchives.org/OAI/2.0/oai_dc/" xmlns:dc="http://purl.org/dc/elements/1.1/" xmlns:xsi="http://www.w3.org/2001/XMLSchema-instance" xsi:schemaLocation="http://www.openarchives.org/OAI/2.0/oai_dc/  http://www.openarchives.org/OAI/2.0/oai_dc.xsd">
  <dc:title>A systematic review on the impacts of capacity strengthening of agricultural research systems for development and the conditions of success</dc:title>
  <dc:creator>H. Posthumus</dc:creator>
  <dc:creator>A. Martin</dc:creator>
  <dc:creator>T. Chancellor</dc:creator>
  <ISBN-Number xmlns="http://www.openarchives.org/OAI/2.0/">9781907345463</ISBN-Number>
  <Publisher xmlns="http://www.openarchives.org/OAI/2.0/">EPPI-Centre, Social Science Research Unit, Institute of Education, University of London</Publisher>
  <URL xmlns="http://www.openarchives.org/OAI/2.0/">http://www.dfid.gov.uk/r4d/pdf/outputs/systematicreviews/Capacity_strengthening_2013Posthumus.pdf</URL>
  <dc:date>2013</dc:date>
  <dc:language>eng</dc:language>
  <dc:subject>agricultural research</dc:subject>
  <dc:subject>agricultural research systems</dc:subject>
  <dc:subject>capacity strengthening</dc:subject>
  <dc:subject>cd</dc:subject>
  <dc:subject>cd africa</dc:subject>
  <dc:subject>review</dc:subject>
  <dc:type>Miscellaneous</dc:type>
  <dc:format>174</dc:format>
</oai_dc:dc>