<oai_dc:dc xmlns:oai_dc="http://www.openarchives.org/OAI/2.0/oai_dc/" xmlns:dc="http://purl.org/dc/elements/1.1/" xmlns:xsi="http://www.w3.org/2001/XMLSchema-instance" xsi:schemaLocation="http://www.openarchives.org/OAI/2.0/oai_dc/  http://www.openarchives.org/OAI/2.0/oai_dc.xsd">
  <dc:title>Learning Publics Journal of Agriculture and Environmental Studies Vol 2 (1). 117-146</dc:title>
  <dc:creator>T. M.M.</dc:creator>
  <dc:creator>R. KPC.</dc:creator>
  <dc:creator>T. J.B.</dc:creator>
  <dc:creator>B. R.</dc:creator>
  <dc:source>Learning Publics Journal of Agriculture and Environmental Studies</dc:source>
  <dc:date>2011</dc:date>
  <dc:description>&lt;p&gt;Discussion of the processes, general guidelines, lessons and experiences pertaining to “good practices” for organising and forming AIPs. It also includes cases from the African continent.&lt;/p&gt;</dc:description>
  <dc:language>eng</dc:language>
  <dc:subject>IAR4D</dc:subject>
  <dc:subject>indigenous knowledge</dc:subject>
  <dc:subject>is</dc:subject>
  <dc:subject>is africa</dc:subject>
  <dc:subject>is learning and kwnoledge</dc:subject>
  <dc:subject>local innovations</dc:subject>
  <dc:subject>stakeholder</dc:subject>
  <dc:subject>sub-saharan</dc:subject>
  <dc:type>Journal Article</dc:type>
  <dc:format>118–146</dc:format>
</oai_dc:dc>