<oai_dc:dc xmlns:oai_dc="http://www.openarchives.org/OAI/2.0/oai_dc/" xmlns:dc="http://purl.org/dc/elements/1.1/" xmlns:xsi="http://www.w3.org/2001/XMLSchema-instance" xsi:schemaLocation="http://www.openarchives.org/OAI/2.0/oai_dc/  http://www.openarchives.org/OAI/2.0/oai_dc.xsd">
  <dc:title>Learning to evaluate capacity development and collaborative learning about community-based natural resource management: lessons from Asia</dc:title>
  <dc:creator>R. Vernooy</dc:creator>
  <dc:creator>W. Nelles</dc:creator>
  <dc:creator>D. Campilan</dc:creator>
  <dc:creator>W. Li</dc:creator>
  <Publisher xmlns="http://www.openarchives.org/OAI/2.0/">International Potato Center (CIP)</Publisher>
  <dc:date>2009</dc:date>
  <dc:language>eng</dc:language>
  <dc:subject>m&amp;e asia</dc:subject>
  <dc:subject>m&amp;e capacity development</dc:subject>
  <dc:subject>m&amp;e tools</dc:subject>
  <dc:type>Unpublished</dc:type>
  <dc:format />
</oai_dc:dc>