<oai_dc:dc xmlns:oai_dc="http://www.openarchives.org/OAI/2.0/oai_dc/" xmlns:dc="http://purl.org/dc/elements/1.1/" xmlns:xsi="http://www.w3.org/2001/XMLSchema-instance" xsi:schemaLocation="http://www.openarchives.org/OAI/2.0/oai_dc/  http://www.openarchives.org/OAI/2.0/oai_dc.xsd">
  <dc:title>Capacity Development in Practice</dc:title>
  <dc:creator>A. Fowler</dc:creator>
  <dc:creator>U. Jan</dc:creator>
  <dc:creator>A.B. Naa-Aku</dc:creator>
  <ISBN-Number xmlns="http://www.openarchives.org/OAI/2.0/">9781844077410</ISBN-Number>
  <Publisher xmlns="http://www.openarchives.org/OAI/2.0/">Earthscan</Publisher>
  <dc:date>2010</dc:date>
  <dc:description>&lt;p&gt;Sample of capacity-development definitions An organization with capacity has the ability to function as a resilient, strategic and autonomous entity (Kaplan, 1999, p20). Capacity represents the potential for using resources effectively and maintaining gains in performance with gradually reduced levels of external support (LaFond and Brown, 2003, p7). Capacity is [the] potential to perform (Horton et al, 2003, p18). Capacity is the ability of people, organizations and society as a whole to manage their affairs successfully (OECD, 2006, p12). Capacity is that emergent contribution of attributes that enables a human system to create development value (Morgan, 2006, p8).&lt;/p&gt;</dc:description>
  <dc:language>eng</dc:language>
  <dc:subject>cd</dc:subject>
  <dc:type>Book</dc:type>
  <dc:format>1–361</dc:format>
</oai_dc:dc>