<oai_dc:dc xmlns:oai_dc="http://www.openarchives.org/OAI/2.0/oai_dc/" xmlns:dc="http://purl.org/dc/elements/1.1/" xmlns:xsi="http://www.w3.org/2001/XMLSchema-instance" xsi:schemaLocation="http://www.openarchives.org/OAI/2.0/oai_dc/  http://www.openarchives.org/OAI/2.0/oai_dc.xsd">
  <dc:title>Innovation Platforms</dc:title>
  <dc:creator>H. Posthumus</dc:creator>
  <dc:creator>M. Wongtschowski</dc:creator>
  <Publisher xmlns="http://www.openarchives.org/OAI/2.0/">Global Forum for Rural Advisory Services (GFRAS)</Publisher>
  <dc:date>2013</dc:date>
  <dc:language>eng</dc:language>
  <dc:subject>ad&amp;case africa</dc:subject>
  <dc:subject>innovation platforms</dc:subject>
  <dc:subject>innovation systems</dc:subject>
  <dc:subject>is asia</dc:subject>
  <dc:subject>is institutional</dc:subject>
  <dc:subject>is public</dc:subject>
  <dc:subject>is research</dc:subject>
  <dc:type>Miscellaneous</dc:type>
  <dc:format>2–5</dc:format>
</oai_dc:dc>