<oai_dc:dc xmlns:oai_dc="http://www.openarchives.org/OAI/2.0/oai_dc/" xmlns:dc="http://purl.org/dc/elements/1.1/" xmlns:xsi="http://www.w3.org/2001/XMLSchema-instance" xsi:schemaLocation="http://www.openarchives.org/OAI/2.0/oai_dc/  http://www.openarchives.org/OAI/2.0/oai_dc.xsd">
  <dc:title>Current thinking on capacity development</dc:title>
  <dc:creator>B. Lucas</dc:creator>
  <Publisher xmlns="http://www.openarchives.org/OAI/2.0/">Australian Agency for International Development (AusAID)</Publisher>
  <dc:date>2013</dc:date>
  <dc:language>eng</dc:language>
  <dc:subject>cd</dc:subject>
  <dc:type>Miscellaneous</dc:type>
  <dc:format>1–13</dc:format>
</oai_dc:dc>