<oai_dc:dc xmlns:oai_dc="http://www.openarchives.org/OAI/2.0/oai_dc/" xmlns:dc="http://purl.org/dc/elements/1.1/" xmlns:xsi="http://www.w3.org/2001/XMLSchema-instance" xsi:schemaLocation="http://www.openarchives.org/OAI/2.0/oai_dc/  http://www.openarchives.org/OAI/2.0/oai_dc.xsd">
  <dc:title>Rural Extension as Part of an Innovation System</dc:title>
  <dc:creator>L. Romero</dc:creator>
  <dc:date>2004</dc:date>
  <dc:description>&lt;p&gt;Role of rural extension in innovation system, Extension as a tool&lt;/p&gt;</dc:description>
  <dc:language>eng</dc:language>
  <dc:subject>is</dc:subject>
  <dc:subject>is actor extension</dc:subject>
  <dc:subject>is latin america</dc:subject>
  <dc:type>Miscellaneous</dc:type>
  <dc:format>1–6</dc:format>
</oai_dc:dc>