<oai_dc:dc xmlns:oai_dc="http://www.openarchives.org/OAI/2.0/oai_dc/" xmlns:dc="http://purl.org/dc/elements/1.1/" xmlns:xsi="http://www.w3.org/2001/XMLSchema-instance" xsi:schemaLocation="http://www.openarchives.org/OAI/2.0/oai_dc/  http://www.openarchives.org/OAI/2.0/oai_dc.xsd">
  <dc:title>Dealing with critical challenges in African innovation platforms: lessons for facilitation</dc:title>
  <dc:creator>K. Swaans</dc:creator>
  <dc:creator>B. Cullen</dc:creator>
  <dc:creator>A. Van Rooyen</dc:creator>
  <dc:creator>A. Adekunle</dc:creator>
  <dc:creator>H. Ngwenya</dc:creator>
  <dc:creator>Z. Lema</dc:creator>
  <dc:creator>S. Nederlof</dc:creator>
  <dc:source>Knowledge Management for Development Journal</dc:source>
  <dc:date>2013</dc:date>
  <dc:language>eng</dc:language>
  <dc:subject>2011</dc:subject>
  <dc:subject>africa</dc:subject>
  <dc:subject>and the role of</dc:subject>
  <dc:subject>facilitation</dc:subject>
  <dc:subject>facilitation in catalysing agricultural</dc:subject>
  <dc:subject>innovation</dc:subject>
  <dc:subject>innovation brokering</dc:subject>
  <dc:subject>innovation brokers</dc:subject>
  <dc:subject>innovation platforms</dc:subject>
  <dc:subject>ips</dc:subject>
  <dc:subject>learning&amp;facilitation</dc:subject>
  <dc:subject>recognition of innovation platforms</dc:subject>
  <dc:subject>see klerkx and gildemacher</dc:subject>
  <dc:subject>there is growing scientific</dc:subject>
  <dc:type>Journal Article</dc:type>
  <dc:format>116–135</dc:format>
</oai_dc:dc>