<oai_dc:dc xmlns:oai_dc="http://www.openarchives.org/OAI/2.0/oai_dc/" xmlns:dc="http://purl.org/dc/elements/1.1/" xmlns:xsi="http://www.w3.org/2001/XMLSchema-instance" xsi:schemaLocation="http://www.openarchives.org/OAI/2.0/oai_dc/  http://www.openarchives.org/OAI/2.0/oai_dc.xsd">
  <dc:title>Agricultural Innovation Systems: An Investment Sourcebook</dc:title>
  <dc:creator>W. Bank</dc:creator>
  <ISBN-Number xmlns="http://www.openarchives.org/OAI/2.0/">9780821386842</ISBN-Number>
  <Publisher xmlns="http://www.openarchives.org/OAI/2.0/">The World Bank</Publisher>
  <URL xmlns="http://www.openarchives.org/OAI/2.0/">http://belfercenter.ksg.harvard.edu/publication/21126/agricultural_innovation_systems.html</URL>
  <dc:date>2012</dc:date>
  <dc:description>&lt;p&gt;The sourcebook is targeted to the key operational staff in international and regional development agencies and national governments who design and implement lending projects and to the practitioners who design thematic programs and technical assistance packages. The sourcebook is also an important resource for the research community and nongovernmental organizations (NGOs) and may be a useful reference for the private sector, farmer organizations, and individuals with an interest in agricultural innovation. This overview begins with a discussion of why innovation is vital to agricultural development, how innovation occurs, and why complementary investments are needed to develop the capacity and enabling environment for agricultural innovation. It concludes with details on the sourcebook’s structure, a summary of the themes covered in each module, and a discussion of the cross-cutting themes treated throughout the sourcebook.&lt;/p&gt;</dc:description>
  <dc:language>eng</dc:language>
  <dc:subject>ad&amp;case geographical cross cutting</dc:subject>
  <dc:subject>benchmarking cap</dc:subject>
  <dc:subject>cd organizational environment</dc:subject>
  <dc:subject>cd stengthen</dc:subject>
  <dc:subject>innovation systems</dc:subject>
  <dc:subject>is extension</dc:subject>
  <dc:subject>is institutional</dc:subject>
  <dc:subject>is research</dc:subject>
  <dc:subject>knowledge learning</dc:subject>
  <dc:type>Book</dc:type>
  <dc:format>50–83</dc:format>
</oai_dc:dc>