<oai_dc:dc xmlns:oai_dc="http://www.openarchives.org/OAI/2.0/oai_dc/" xmlns:dc="http://purl.org/dc/elements/1.1/" xmlns:xsi="http://www.w3.org/2001/XMLSchema-instance" xsi:schemaLocation="http://www.openarchives.org/OAI/2.0/oai_dc/  http://www.openarchives.org/OAI/2.0/oai_dc.xsd">
  <dc:title>Reflective learning for purposeful change : making learning more explicit in multi-stakeholder processes Femke Gordijn and Jan Helder</dc:title>
  <dc:creator>F. Gordijn</dc:creator>
  <dc:creator>J. Helder.</dc:creator>
  <dc:source>Knowledge Management for Development Journal</dc:source>
  <dc:date>2013</dc:date>
  <dc:language>eng</dc:language>
  <dc:subject>at wageningen</dc:subject>
  <dc:subject>cdi</dc:subject>
  <dc:subject>has developed a framework</dc:subject>
  <dc:subject>in</dc:subject>
  <dc:subject>innovation</dc:subject>
  <dc:subject>learning</dc:subject>
  <dc:subject>learning&amp;facilitation</dc:subject>
  <dc:subject>multi-stakeholder processes</dc:subject>
  <dc:subject>multi-stakeholders processes</dc:subject>
  <dc:subject>over the last 12</dc:subject>
  <dc:subject>reflection</dc:subject>
  <dc:subject>the centre for development</dc:subject>
  <dc:subject>the netherlands</dc:subject>
  <dc:subject>to help practitioners involved</dc:subject>
  <dc:subject>tools</dc:subject>
  <dc:subject>university</dc:subject>
  <dc:subject>years</dc:subject>
  <dc:type>Journal Article</dc:type>
  <dc:format>32–46</dc:format>
</oai_dc:dc>