<oai_dc:dc xmlns:oai_dc="http://www.openarchives.org/OAI/2.0/oai_dc/" xmlns:dc="http://purl.org/dc/elements/1.1/" xmlns:xsi="http://www.w3.org/2001/XMLSchema-instance" xsi:schemaLocation="http://www.openarchives.org/OAI/2.0/oai_dc/  http://www.openarchives.org/OAI/2.0/oai_dc.xsd">
  <dc:title>ICTs and Empowerment of Indian Rural Women</dc:title>
  <dc:creator>R. Sulaiman</dc:creator>
  <dc:creator>N.J. Kalaivani</dc:creator>
  <dc:creator>M. Nimisha</dc:creator>
  <dc:creator>R. P.</dc:creator>
  <Publisher xmlns="http://www.openarchives.org/OAI/2.0/">Centre for Research on Innovation and Science (CRISP)</Publisher>
  <dc:date>2011</dc:date>
  <dc:language>eng</dc:language>
  <dc:subject>asia</dc:subject>
  <dc:subject>cd</dc:subject>
  <dc:subject>gender equality</dc:subject>
  <dc:subject>India</dc:subject>
  <dc:type>Unpublished</dc:type>
  <dc:format />
</oai_dc:dc>