<oai_dc:dc xmlns:oai_dc="http://www.openarchives.org/OAI/2.0/oai_dc/" xmlns:dc="http://purl.org/dc/elements/1.1/" xmlns:xsi="http://www.w3.org/2001/XMLSchema-instance" xsi:schemaLocation="http://www.openarchives.org/OAI/2.0/oai_dc/  http://www.openarchives.org/OAI/2.0/oai_dc.xsd">
  <dc:title>Integrated Agricultural Research for Development</dc:title>
  <dc:creator>R. Hawkins</dc:creator>
  <dc:creator>W. Heemskerk</dc:creator>
  <dc:creator>R. Booth</dc:creator>
  <dc:creator>J. Daane</dc:creator>
  <dc:creator>A. Maatman</dc:creator>
  <dc:creator>aa Adekunle</dc:creator>
  <dc:creator>Ffor Agricu Africa</dc:creator>
  <Publisher xmlns="http://www.openarchives.org/OAI/2.0/">FARA</Publisher>
  <dc:date>2009</dc:date>
  <dc:description>&lt;p&gt;This paper is intended to contribute towards an understanding of ‘Integrated Agricultural Research for Development’ (IAR4D). We first review four ‘defining principles’ of IAR4D, the theories and experiences that have contributed to the formulation of these principles, and actions that can contribute to putting these principles into practice. We then summarize the individual, organizational and institutional capacity that is needed to create the enabling environment for IAR4D. Finally, we look at 13 case studies, and review how they reflect the principles and capacity-development challenges described. The ‘defining principles’ of IAR4D we propose are: 1. IAR4D integrates the perspectives, knowledge and actions of different stakeholders around a common theme. The theme or ‘entry point’ represents a research and development ‘challenge’, identified by one or more stakeholders who recognize that a broader working alliance is needed to achieve the desired development impact. The interests and actions of the different stakeholders go beyond information and technology to include business, politics, finance, organization, management, etc., and the links between these. 2. IAR4D integrates the learning that stakeholders achieve through working together. Beyond simply a concerted action process, IAR4D is a social learning process, with stakeholders learning from the experience of working together. This learning focuses primarily on the processes of stakeholder interaction themselves, rather than on the specific solutions to the research and development ‘challenge’. This learning takes place at the individual, organizational and institutional levels. 3. IAR4D integrates analysis, action and change across the different (environmental, social, economic) ‘dimensions’ of development. The general and current concepts of ‘sustainable development’ and ‘multi-functional agriculture’ emphasize the interlinked ‘dimensions’ of such development. These include economic growth (linking farmers to markets), conservation of natural resources (soil fertility, biodiversity, limited carbon-dioxide production, etc.), social inclusion and equity (‘pro-poor development’), as well as food security. 4. IAR4D integrates analysis, action and change at different levels of spatial, economic and social organization. Agricultural innovation is an emergent property of the broader ‘innovation system’. To be effective at promoting innovation, IAR4D therefore needs to promote change and enhance learning throughout the broad innovation system at all levels of organization. These include ‘spatial’ levels (field, farm, watershed, etc.), economic levels (product, firm, value chain, business cluster, etc.), and social levels (individual, group, community, organization, innovation system, etc.)&lt;/p&gt;</dc:description>
  <dc:language>eng</dc:language>
  <dc:subject>agricultural research</dc:subject>
  <dc:subject>innovation systems</dc:subject>
  <dc:subject>is research</dc:subject>
  <dc:type>Unpublished</dc:type>
  <dc:format>96</dc:format>
</oai_dc:dc>