<oai_dc:dc xmlns:oai_dc="http://www.openarchives.org/OAI/2.0/oai_dc/" xmlns:dc="http://purl.org/dc/elements/1.1/" xmlns:xsi="http://www.w3.org/2001/XMLSchema-instance" xsi:schemaLocation="http://www.openarchives.org/OAI/2.0/oai_dc/  http://www.openarchives.org/OAI/2.0/oai_dc.xsd">
  <dc:title>Towards Usaid Re-Engaging in Supporting National Agricultural Research Systems in the Developing World</dc:title>
  <dc:creator>J. Roseboom</dc:creator>
  <Publisher xmlns="http://www.openarchives.org/OAI/2.0/">USAID</Publisher>
  <dc:date>2013</dc:date>
  <dc:language>eng</dc:language>
  <dc:subject>cd</dc:subject>
  <dc:subject>cd systems</dc:subject>
  <dc:subject>geographical cross cutting</dc:subject>
  <dc:subject>innovation systems</dc:subject>
  <dc:subject>is research</dc:subject>
  <dc:subject>knowled and information sharing</dc:subject>
  <dc:type>Book</dc:type>
  <dc:format />
</oai_dc:dc>