<oai_dc:dc xmlns:oai_dc="http://www.openarchives.org/OAI/2.0/oai_dc/" xmlns:dc="http://purl.org/dc/elements/1.1/" xmlns:xsi="http://www.w3.org/2001/XMLSchema-instance" xsi:schemaLocation="http://www.openarchives.org/OAI/2.0/oai_dc/  http://www.openarchives.org/OAI/2.0/oai_dc.xsd">
  <dc:title>Unravelling institutional determinants affecting change in agriculture in West Africa</dc:title>
  <dc:creator>P.C. Struik</dc:creator>
  <dc:creator>L. Klerkx</dc:creator>
  <dc:creator>D. Hounkonnou</dc:creator>
  <DOI xmlns="http://www.openarchives.org/OAI/2.0/">10.1080/14735903.2014.909642</DOI>
  <ISBN-Number xmlns="http://www.openarchives.org/OAI/2.0/">1473-5903</ISBN-Number>
  <dc:source>International Journal of Agricultural Sustainability</dc:source>
  <URL xmlns="http://www.openarchives.org/OAI/2.0/">http://www.tandfonline.com/doi/abs/10.1080/14735903.2014.909642</URL>
  <dc:date>2014</dc:date>
  <dc:description>&lt;p&gt;This paper compares lessons learned from nine studies that explored institutional determinants of innovation towards sustainable intensification of West African agriculture. The studies investigated issues relating to crop, animal, and resources management in Benin, Ghana, and Mali&lt;/p&gt;</dc:description>
  <dc:language>eng</dc:language>
  <dc:subject>action research</dc:subject>
  <dc:subject>ad&amp;case west africa</dc:subject>
  <dc:subject>agricultural innovation</dc:subject>
  <dc:subject>benin</dc:subject>
  <dc:subject>ghana</dc:subject>
  <dc:subject>impact assessment</dc:subject>
  <dc:subject>innovation systems</dc:subject>
  <dc:subject>institutional change</dc:subject>
  <dc:subject>is institutional</dc:subject>
  <dc:subject>is smallholders</dc:subject>
  <dc:subject>mali</dc:subject>
  <dc:subject>smallholders</dc:subject>
  <dc:subject>sustainable intensification</dc:subject>
  <dc:subject>west africa</dc:subject>
  <dc:type>Journal Article</dc:type>
  <dc:format>370–382</dc:format>
</oai_dc:dc>