<oai_dc:dc xmlns:oai_dc="http://www.openarchives.org/OAI/2.0/oai_dc/" xmlns:dc="http://purl.org/dc/elements/1.1/" xmlns:xsi="http://www.w3.org/2001/XMLSchema-instance" xsi:schemaLocation="http://www.openarchives.org/OAI/2.0/oai_dc/  http://www.openarchives.org/OAI/2.0/oai_dc.xsd">
  <dc:title>Integrated Agricultural Research for Systems : Innovation Platforms (IP) of Agriculture Value Chains</dc:title>
  <dc:creator>C.O.R.A.F. /WECARD</dc:creator>
  <Publisher xmlns="http://www.openarchives.org/OAI/2.0/">CORAF/WECARD</Publisher>
  <dc:date>2012</dc:date>
  <dc:language>eng</dc:language>
  <dc:subject>africa</dc:subject>
  <dc:subject>innovation systems</dc:subject>
  <dc:subject>is africa</dc:subject>
  <dc:subject>is organizational</dc:subject>
  <dc:subject>knowledge and information sharing</dc:subject>
  <dc:type>Miscellaneous</dc:type>
  <dc:format />
</oai_dc:dc>