<oai_dc:dc xmlns:oai_dc="http://www.openarchives.org/OAI/2.0/oai_dc/" xmlns:dc="http://purl.org/dc/elements/1.1/" xmlns:xsi="http://www.w3.org/2001/XMLSchema-instance" xsi:schemaLocation="http://www.openarchives.org/OAI/2.0/oai_dc/  http://www.openarchives.org/OAI/2.0/oai_dc.xsd">
  <dc:title>Analysing policy for inlcusive innovation: the mobile sector and base-of-the-Pyramid Markets in Kenya</dc:title>
  <dc:creator>C. Foster</dc:creator>
  <dc:creator>R. Heeks</dc:creator>
  <dc:source>Innovation and Development</dc:source>
  <dc:date>2013</dc:date>
  <dc:language>eng</dc:language>
  <dc:subject>ac</dc:subject>
  <dc:subject>africa</dc:subject>
  <dc:subject>arthur lewis building</dc:subject>
  <dc:subject>base</dc:subject>
  <dc:subject>centre for development informatics</dc:subject>
  <dc:subject>corresponding author</dc:subject>
  <dc:subject>heeks</dc:subject>
  <dc:subject>idpm</dc:subject>
  <dc:subject>Inclusive Innovation</dc:subject>
  <dc:subject>innovation policies</dc:subject>
  <dc:subject>Innovation policy</dc:subject>
  <dc:subject>innovation systems</dc:subject>
  <dc:subject>kenya</dc:subject>
  <dc:subject>m13 9pl</dc:subject>
  <dc:subject>Manchester</dc:subject>
  <dc:subject>mobile</dc:subject>
  <dc:subject>of</dc:subject>
  <dc:subject>prof</dc:subject>
  <dc:subject>pyramid</dc:subject>
  <dc:subject>richard heeks</dc:subject>
  <dc:subject>systems of innovation</dc:subject>
  <dc:subject>the</dc:subject>
  <dc:subject>uk</dc:subject>
  <dc:subject>uk richard</dc:subject>
  <dc:subject>university of</dc:subject>
  <dc:type>Journal Article</dc:type>
  <dc:format />
</oai_dc:dc>