<oai_dc:dc xmlns:oai_dc="http://www.openarchives.org/OAI/2.0/oai_dc/" xmlns:dc="http://purl.org/dc/elements/1.1/" xmlns:xsi="http://www.w3.org/2001/XMLSchema-instance" xsi:schemaLocation="http://www.openarchives.org/OAI/2.0/oai_dc/  http://www.openarchives.org/OAI/2.0/oai_dc.xsd">
  <dc:title>Social Learning in a Multi-Actor Innovation Context</dc:title>
  <dc:creator>P.J. Beers</dc:creator>
  <dc:creator>J. Sol</dc:creator>
  <dc:creator>A. Wals</dc:creator>
  <Publisher xmlns="http://www.openarchives.org/OAI/2.0/">Wageningen UR Centre for Development Innovation</Publisher>
  <dc:date>2009</dc:date>
  <dc:language>eng</dc:language>
  <dc:subject>commitment</dc:subject>
  <dc:subject>framing</dc:subject>
  <dc:subject>innovation platforms</dc:subject>
  <dc:subject>innovation systems</dc:subject>
  <dc:subject>knowledge and information sharing</dc:subject>
  <dc:subject>learning&amp;facilitation</dc:subject>
  <dc:subject>multi-actor innovation</dc:subject>
  <dc:subject>multi-stakeholders processes</dc:subject>
  <dc:subject>social learning</dc:subject>
  <dc:subject>sustainability</dc:subject>
  <dc:subject>trust</dc:subject>
  <dc:type>Miscellaneous</dc:type>
  <dc:format>4–7</dc:format>
</oai_dc:dc>