<oai_dc:dc xmlns:oai_dc="http://www.openarchives.org/OAI/2.0/oai_dc/" xmlns:dc="http://purl.org/dc/elements/1.1/" xmlns:xsi="http://www.w3.org/2001/XMLSchema-instance" xsi:schemaLocation="http://www.openarchives.org/OAI/2.0/oai_dc/  http://www.openarchives.org/OAI/2.0/oai_dc.xsd">
  <dc:title>Agricultural Innovation Systems: An Investment Sourcebook</dc:title>
  <dc:creator>J. Ekboir</dc:creator>
  <dc:creator>I.Learning ( ILAC)</dc:creator>
  <dc:creator>C. Initiative</dc:creator>
  <Publisher xmlns="http://www.openarchives.org/OAI/2.0/">The World Bank</Publisher>
  <dc:date>2010</dc:date>
  <dc:language>eng</dc:language>
  <dc:subject>geographical cross cutting</dc:subject>
  <dc:subject>innovation systems</dc:subject>
  <dc:subject>is farmer organizations</dc:subject>
  <dc:subject>is research</dc:subject>
  <dc:type>Book Chapter</dc:type>
  <dc:format>70–74</dc:format>
</oai_dc:dc>