<oai_dc:dc xmlns:oai_dc="http://www.openarchives.org/OAI/2.0/oai_dc/" xmlns:dc="http://purl.org/dc/elements/1.1/" xmlns:xsi="http://www.w3.org/2001/XMLSchema-instance" xsi:schemaLocation="http://www.openarchives.org/OAI/2.0/oai_dc/  http://www.openarchives.org/OAI/2.0/oai_dc.xsd">
  <dc:title>Value Chain Development for Decent Work: A Guide for development practitioners, government and private sector initiatives</dc:title>
  <dc:creator>M.L. Herr</dc:creator>
  <dc:creator>T.J. Muzira</dc:creator>
  <ISBN-Number xmlns="http://www.openarchives.org/OAI/2.0/">9789221222309</ISBN-Number>
  <Publisher xmlns="http://www.openarchives.org/OAI/2.0/">International Labour Organization (ILO)</Publisher>
  <dc:date>2009</dc:date>
  <dc:language>eng</dc:language>
  <dc:subject>learning&amp;facilitation</dc:subject>
  <dc:subject>lf organizational</dc:subject>
  <dc:subject>Value Chain Global</dc:subject>
  <dc:type>Miscellaneous</dc:type>
  <dc:format>p246</dc:format>
</oai_dc:dc>