<oai_dc:dc xmlns:oai_dc="http://www.openarchives.org/OAI/2.0/oai_dc/" xmlns:dc="http://purl.org/dc/elements/1.1/" xmlns:xsi="http://www.w3.org/2001/XMLSchema-instance" xsi:schemaLocation="http://www.openarchives.org/OAI/2.0/oai_dc/  http://www.openarchives.org/OAI/2.0/oai_dc.xsd">
  <dc:title>Rural innovation systems and networks: ﬁndings from a study of Ethiopian smallholders</dc:title>
  <dc:creator>D.J. Spielman</dc:creator>
  <dc:creator>K. Davis</dc:creator>
  <dc:creator>M. Negash</dc:creator>
  <dc:creator>A. Gezahegn</dc:creator>
  <DOI xmlns="http://www.openarchives.org/OAI/2.0/">10.1007/s10460-010-9273-y</DOI>
  <Publisher xmlns="http://www.openarchives.org/OAI/2.0/">International Food Policy Research Institute (IFPRI)</Publisher>
  <URL xmlns="http://www.openarchives.org/OAI/2.0/">https://lirias.kuleuven.be/bitstream/123456789/283161/1/fulltext[1].pdf</URL>
  <dc:date>2010</dc:date>
  <dc:language>eng</dc:language>
  <dc:subject>Agricultural development</dc:subject>
  <dc:subject>ethiopia</dc:subject>
  <dc:subject>innovation</dc:subject>
  <dc:subject>innovation systems</dc:subject>
  <dc:subject>is africa</dc:subject>
  <dc:subject>is networks</dc:subject>
  <dc:subject>is smallholders</dc:subject>
  <dc:subject>smallholder farming</dc:subject>
  <dc:subject>social learning</dc:subject>
  <dc:subject>Social networks</dc:subject>
  <dc:subject>technology</dc:subject>
  <dc:type>Miscellaneous</dc:type>
  <dc:format>18</dc:format>
</oai_dc:dc>