<oai_dc:dc xmlns:oai_dc="http://www.openarchives.org/OAI/2.0/oai_dc/" xmlns:dc="http://purl.org/dc/elements/1.1/" xmlns:xsi="http://www.w3.org/2001/XMLSchema-instance" xsi:schemaLocation="http://www.openarchives.org/OAI/2.0/oai_dc/  http://www.openarchives.org/OAI/2.0/oai_dc.xsd">
  <dc:title>Manual Capacity Development: Guidelines for Implementing Strategic Approaches and Methods in ADC</dc:title>
  <dc:creator>A.Developmen Agency</dc:creator>
  <Publisher xmlns="http://www.openarchives.org/OAI/2.0/">Austrian Development Agency</Publisher>
  <dc:date>Submitted</dc:date>
  <dc:language>eng</dc:language>
  <dc:subject>capacity assessment</dc:subject>
  <dc:subject>cd</dc:subject>
  <dc:subject>cd individual</dc:subject>
  <dc:subject>cd organizational</dc:subject>
  <dc:subject>cd system</dc:subject>
  <dc:subject>cd tools</dc:subject>
  <dc:subject>geographical cross cutting</dc:subject>
  <dc:type>Miscellaneous</dc:type>
  <dc:format />
</oai_dc:dc>