<oai_dc:dc xmlns:oai_dc="http://www.openarchives.org/OAI/2.0/oai_dc/" xmlns:dc="http://purl.org/dc/elements/1.1/" xmlns:xsi="http://www.w3.org/2001/XMLSchema-instance" xsi:schemaLocation="http://www.openarchives.org/OAI/2.0/oai_dc/  http://www.openarchives.org/OAI/2.0/oai_dc.xsd">
  <dc:title>Agricultural knowledge and innovation systems towards 2020 - an orientation paper on linking innovation and research</dc:title>
  <dc:creator />
  <DOI xmlns="http://www.openarchives.org/OAI/2.0/">10.2777/3418</DOI>
  <ISBN-Number xmlns="http://www.openarchives.org/OAI/2.0/">9789279327667</ISBN-Number>
  <Publisher xmlns="http://www.openarchives.org/OAI/2.0/">European Commission (EC)</Publisher>
  <dc:date>2013</dc:date>
  <dc:description>&lt;p&gt;Elaborates on how to use the agricultural knowledge and innovation systems framework to promote innovation at different levels with special focus on European issues related to the implementation f Horizon 2020. It is of value as a conceptual and methodological reference&lt;/p&gt;</dc:description>
  <dc:language>eng</dc:language>
  <dc:subject>cd</dc:subject>
  <dc:subject>cd tools</dc:subject>
  <dc:subject>europe</dc:subject>
  <dc:subject>impact assessment</dc:subject>
  <dc:subject>innovation systems</dc:subject>
  <dc:subject>is institutional</dc:subject>
  <dc:subject>is private</dc:subject>
  <dc:subject>knowledge and learning</dc:subject>
  <dc:type>Book</dc:type>
  <dc:format>203</dc:format>
</oai_dc:dc>