<oai_dc:dc xmlns:oai_dc="http://www.openarchives.org/OAI/2.0/oai_dc/" xmlns:dc="http://purl.org/dc/elements/1.1/" xmlns:xsi="http://www.w3.org/2001/XMLSchema-instance" xsi:schemaLocation="http://www.openarchives.org/OAI/2.0/oai_dc/  http://www.openarchives.org/OAI/2.0/oai_dc.xsd">
  <dc:title>Social innovations triggered by videos: Evidence from Mali</dc:title>
  <dc:creator>J. Bentley</dc:creator>
  <dc:creator>S. Guindo</dc:creator>
  <dc:creator>P. Van Mele</dc:creator>
  <dc:creator>G. Zoundji</dc:creator>
  <Publisher xmlns="http://www.openarchives.org/OAI/2.0/">Swiss Agency for Development and Cooperation (SDC)</Publisher>
  <dc:date>2014</dc:date>
  <dc:language>eng</dc:language>
  <dc:subject>africa</dc:subject>
  <dc:subject>knowledge and information sharing</dc:subject>
  <dc:subject>learning&amp;facilitation</dc:subject>
  <dc:subject>mali</dc:subject>
  <dc:type>Miscellaneous</dc:type>
  <dc:format />
</oai_dc:dc>