<oai_dc:dc xmlns:oai_dc="http://www.openarchives.org/OAI/2.0/oai_dc/" xmlns:dc="http://purl.org/dc/elements/1.1/" xmlns:xsi="http://www.w3.org/2001/XMLSchema-instance" xsi:schemaLocation="http://www.openarchives.org/OAI/2.0/oai_dc/  http://www.openarchives.org/OAI/2.0/oai_dc.xsd">
  <dc:title>Paper prepared for the 138 EAAE Seminar on Pro-poor Innovations in Food Supply Chains , A conceptual framework to evaluate the impact of innovation platforms on agrifood value chains development A conceptual framework to evaluate the impact of innovation</dc:title>
  <dc:creator>Jjoseph Cadilhon</dc:creator>
  <dc:date>2013</dc:date>
  <dc:language>eng</dc:language>
  <dc:subject>agrifood value chains</dc:subject>
  <dc:subject>cd impact assessment</dc:subject>
  <dc:subject>conceptual framework</dc:subject>
  <dc:subject>evaluation</dc:subject>
  <dc:subject>innovation platform</dc:subject>
  <dc:subject>innovation platforms</dc:subject>
  <dc:subject>innovation systems</dc:subject>
  <dc:subject>is partnership</dc:subject>
  <dc:subject>marketing</dc:subject>
  <dc:subject>multi-stakeholders processes</dc:subject>
  <dc:type>Conference Paper</dc:type>
  <dc:format />
</oai_dc:dc>