<oai_dc:dc xmlns:oai_dc="http://www.openarchives.org/OAI/2.0/oai_dc/" xmlns:dc="http://purl.org/dc/elements/1.1/" xmlns:xsi="http://www.w3.org/2001/XMLSchema-instance" xsi:schemaLocation="http://www.openarchives.org/OAI/2.0/oai_dc/  http://www.openarchives.org/OAI/2.0/oai_dc.xsd">
  <dc:title>Dynamic Networks of Interactive Learning and Agricultural Research for Development. Three Critical Roles for Agricultural Advisory Services</dc:title>
  <dc:creator>A. Maatman</dc:creator>
  <dc:creator>M. Wongtschowski</dc:creator>
  <dc:creator>W. Heemskerk</dc:creator>
  <dc:creator>N. Sellamna</dc:creator>
  <dc:creator>K. Davis</dc:creator>
  <dc:creator>S. Nahdy</dc:creator>
  <dc:creator>W. Ochola</dc:creator>
  <dc:creator>D. Kisauzi</dc:creator>
  <Publisher xmlns="http://www.openarchives.org/OAI/2.0/">ASTI-FARA</Publisher>
  <URL xmlns="http://www.openarchives.org/OAI/2.0/">http://www.asti.cgiar.org/pdf/conference/Theme4/Maatman.pdf</URL>
  <dc:date>2011</dc:date>
  <dc:description>&lt;p&gt;Innovation in natural resource management and agriculture—and in agribusiness, in particular—critically depends on the ability of interlinked actors to generate and access new knowledge, and to adapt such knowledge to their own specific circumstances and in accordance with their individual and joint ambitions. Innovation emerges from innovation systems. This paper takes a closer look at innovation systems, including the various actors involved, their interrelationships, and governance mechanisms. Innovation systems operate at different levels, in terms of structure, functioning, and performance at the national level, and from two different angles: as a macrostructure that involves different functions and key organizations working on these functions, and as the composite of different innovation networks comprising individuals and local and national organizations. In addition, the notion of innovation clusters is used to characterize the network that revolves around a particular challenge (for example, in value-chain development or natural resource management) at a local or regional level. The innovation systems required to address Africa’s challenges and, in particular, to improve food security and accelerate agricultural growth effectively engage multiple actors within and beyond the agricultural sector to coordinate their learning and action. Such innovation systems nurture interactive learning, directly and indirectly—for example, by widening the windows of opportunity for all relevant actors to engage in collective learning and action. In this way, agricultural research and advisory services have important and complementary, yet distinct, roles to play in such innovation systems, to support the establishment of and facilitate the learning and action within, dynamic networks of interactive learning.&lt;/p&gt;</dc:description>
  <dc:language>eng</dc:language>
  <dc:subject>africa</dc:subject>
  <dc:subject>Agribusiness</dc:subject>
  <dc:subject>agricultural research</dc:subject>
  <dc:subject>Agricultural Research for Development</dc:subject>
  <dc:subject>Agriculture</dc:subject>
  <dc:subject>Dynamic Networks of Interactive Learning</dc:subject>
  <dc:subject>Foresight</dc:subject>
  <dc:subject>innovation systems</dc:subject>
  <dc:subject>is extension</dc:subject>
  <dc:subject>is research</dc:subject>
  <dc:subject>learning&amp;facilitation</dc:subject>
  <dc:type>Conference Paper</dc:type>
  <dc:format>25</dc:format>
</oai_dc:dc>