<oai_dc:dc xmlns:oai_dc="http://www.openarchives.org/OAI/2.0/oai_dc/" xmlns:dc="http://purl.org/dc/elements/1.1/" xmlns:xsi="http://www.w3.org/2001/XMLSchema-instance" xsi:schemaLocation="http://www.openarchives.org/OAI/2.0/oai_dc/  http://www.openarchives.org/OAI/2.0/oai_dc.xsd">
  <dc:title>Mobile-based “ bundled ” services: Example of Agri-Fin Mobile</dc:title>
  <dc:creator>C. Kakooza</dc:creator>
  <Publisher xmlns="http://www.openarchives.org/OAI/2.0/">Global Forum for Rural Advisory Services (GFRAS)</Publisher>
  <dc:date>2014</dc:date>
  <dc:language>eng</dc:language>
  <dc:subject>ad &amp; case</dc:subject>
  <dc:subject>cd software</dc:subject>
  <dc:subject>cd tools</dc:subject>
  <dc:subject>is cross cutting</dc:subject>
  <dc:subject>is extension</dc:subject>
  <dc:subject>is technological</dc:subject>
  <dc:type>Miscellaneous</dc:type>
  <dc:format />
</oai_dc:dc>