<oai_dc:dc xmlns:oai_dc="http://www.openarchives.org/OAI/2.0/oai_dc/" xmlns:dc="http://purl.org/dc/elements/1.1/" xmlns:xsi="http://www.w3.org/2001/XMLSchema-instance" xsi:schemaLocation="http://www.openarchives.org/OAI/2.0/oai_dc/  http://www.openarchives.org/OAI/2.0/oai_dc.xsd">
  <dc:title>System Innovations. Knowledge regimes and design practices towards transitions for sustainable agriculture</dc:title>
  <dc:creator>M. Barbier</dc:creator>
  <dc:creator>B. Elzen</dc:creator>
  <ISBN-Number xmlns="http://www.openarchives.org/OAI/2.0/">2738013066</ISBN-Number>
  <Publisher xmlns="http://www.openarchives.org/OAI/2.0/">INRA</Publisher>
  <URL xmlns="http://www.openarchives.org/OAI/2.0/">http://www4.inra.fr/sad_eng/Publications2/Free-e-books$backslash$nCiting</URL>
  <dc:date>2012</dc:date>
  <dc:language>eng</dc:language>
  <dc:subject>innovation platforms</dc:subject>
  <dc:subject>knowledge and information sharing</dc:subject>
  <dc:subject>learning&amp;facilitation</dc:subject>
  <dc:type>Book</dc:type>
  <dc:format>264</dc:format>
</oai_dc:dc>