<oai_dc:dc xmlns:oai_dc="http://www.openarchives.org/OAI/2.0/oai_dc/" xmlns:dc="http://purl.org/dc/elements/1.1/" xmlns:xsi="http://www.w3.org/2001/XMLSchema-instance" xsi:schemaLocation="http://www.openarchives.org/OAI/2.0/oai_dc/  http://www.openarchives.org/OAI/2.0/oai_dc.xsd">
  <dc:title>Building Regional Innovation Systems: Is Endogenous Industrial Development Possible in the Global Economy?</dc:title>
  <dc:creator>A. Isaksen</dc:creator>
  <dc:source>Canadiian Journal of Regional Science</dc:source>
  <dc:date>2001</dc:date>
  <dc:language>eng</dc:language>
  <dc:subject>cd concept development</dc:subject>
  <dc:subject>cd organizational</dc:subject>
  <dc:subject>cd systems</dc:subject>
  <dc:subject>innovation systems</dc:subject>
  <dc:subject>is international</dc:subject>
  <dc:subject>is market</dc:subject>
  <dc:subject>is public</dc:subject>
  <dc:subject>is regional</dc:subject>
  <dc:type>Journal Article</dc:type>
  <dc:format>101–120</dc:format>
</oai_dc:dc>