<oai_dc:dc xmlns:oai_dc="http://www.openarchives.org/OAI/2.0/oai_dc/" xmlns:dc="http://purl.org/dc/elements/1.1/" xmlns:xsi="http://www.w3.org/2001/XMLSchema-instance" xsi:schemaLocation="http://www.openarchives.org/OAI/2.0/oai_dc/  http://www.openarchives.org/OAI/2.0/oai_dc.xsd">
  <dc:title>Field testing an econometric conceptual framework for innovation platform impact assessment</dc:title>
  <dc:creator>J.Joseph Cadilhon</dc:creator>
  <dc:creator>A. Economist</dc:creator>
  <dc:creator>P. Trade</dc:creator>
  <dc:creator>V.Chains Program</dc:creator>
  <Publisher xmlns="http://www.openarchives.org/OAI/2.0/">International Livestock Research Institute (ILRI)</Publisher>
  <dc:date>2013</dc:date>
  <dc:language>eng</dc:language>
  <dc:subject>m&amp;e impact study</dc:subject>
  <dc:subject>m&amp;e tools</dc:subject>
  <dc:type>Miscellaneous</dc:type>
  <dc:format>2013</dc:format>
</oai_dc:dc>