<oai_dc:dc xmlns:oai_dc="http://www.openarchives.org/OAI/2.0/oai_dc/" xmlns:dc="http://purl.org/dc/elements/1.1/" xmlns:xsi="http://www.w3.org/2001/XMLSchema-instance" xsi:schemaLocation="http://www.openarchives.org/OAI/2.0/oai_dc/  http://www.openarchives.org/OAI/2.0/oai_dc.xsd">
  <dc:title>Conceptualising Inclusive Innovation: Modifying Systems of Innovation Frameworks to Understand Diffusion of New Technology to Low-Income Consumers</dc:title>
  <dc:creator>C. Foster</dc:creator>
  <dc:creator>R. Heeks</dc:creator>
  <DOI xmlns="http://www.openarchives.org/OAI/2.0/">10.1057/ejdr.2013.7</DOI>
  <dc:source>European Journal of Development Research</dc:source>
  <URL xmlns="http://www.openarchives.org/OAI/2.0/">http://www.palgrave-journals.com/doifinder/10.1057/ejdr.2013.7</URL>
  <dc:date>2013</dc:date>
  <dc:description>&lt;p&gt;Inclusive innovation is the means by which new goods and services are developed for and/or by the billions living on lowest incomes. Although a topic of increasing interest, it has been relatively under-researched and under-conceptualised to date. This article studies arguably the most successful new technology to reach low-income groups: the mobile phone, focusing specifically on its diffusion in Kenya. Systems of innovation are shown to be an appropriate frame for conceptualisation of inclusive innovation. However, the conventional content of this framework must be modified to allow for particular features of inclusive innovation, including the nature of innovations required, the actors involved and their interrelations, the type of learning they undertake, and the institutional environment in which they operate. Four system domains must be effective if inclusive innovation is to succeed: the product, its retailing and support, the micro-enterprises that provide these demand-side services, and the wider context © 2013 European Association of Development Research and Training Institutes.&lt;/p&gt;</dc:description>
  <dc:language>eng</dc:language>
  <dc:subject>africa</dc:subject>
  <dc:subject>bottom</dc:subject>
  <dc:subject>Inclusive Innovation</dc:subject>
  <dc:subject>innovation systems</dc:subject>
  <dc:subject>mobile phones</dc:subject>
  <dc:subject>systems of innovation</dc:subject>
  <dc:type>Journal Article</dc:type>
  <dc:format>333–355</dc:format>
</oai_dc:dc>