<oai_dc:dc xmlns:oai_dc="http://www.openarchives.org/OAI/2.0/oai_dc/" xmlns:dc="http://purl.org/dc/elements/1.1/" xmlns:xsi="http://www.w3.org/2001/XMLSchema-instance" xsi:schemaLocation="http://www.openarchives.org/OAI/2.0/oai_dc/  http://www.openarchives.org/OAI/2.0/oai_dc.xsd">
  <dc:title>With or Without a Script? Comparing Two Styles of Participatory Video on Enhancing Local Seed Innovation System in Bangladesh</dc:title>
  <dc:creator>A.Huq Chowdhury</dc:creator>
  <dc:creator>H.Hambly Odame</dc:creator>
  <dc:creator>M. Hauser</dc:creator>
  <DOI xmlns="http://www.openarchives.org/OAI/2.0/">10.1080/1389224X.2010.515056</DOI>
  <dc:source>The Journal of Agricultural Education and Extension</dc:source>
  <dc:date>2010</dc:date>
  <dc:description>&lt;p&gt;Recent experiences in participatory video-making raise the question of how best to use this medium for enhancing local seed innovation systems. Embedded in a mini-process of participatory action research, two styles of participatory video—scripted and scriptless—were tested and assessed together with farmers and facilitators in Bogra District, Bangladesh. Data, collected through participant observation, informal interviews, group discussions and workshops, were analysed using a combination of Analytic Hierarchy Process (AHP) and Strengths, Weaknesses, Opportunities and Threats (SWOT) analysis. Scripted video can be used as a capacity-building tool and for disseminating sustainable technologies or local knowledge across geographical scales. But there is a risk of goal orientation to produce quality films, which may undermine the spirit of participation and ownership of the process. In the scriptless style, the process seems to be more inclusive but random, and hence, less goal-oriented. Scriptless video can be used as a monitoring tool in local seed innovation systems. Moreover, potential for stimulating self-sustaining spirit within the participant actors appeared to be higher in this style. However, this style may be difficult to institutionalize. Because of the spontaneous and subjective nature of the process and outcome (i.e. the film) that underlies scriptless videos, participatory video may be produced in a specific geographical context and not necessarily be replicable or relevant elsewhere. This study raises several critiques about the usefulness of these two major styles of participatory video and argues that both styles have specific usefulness and therefore can be used in combination to enhance local seed innovation systems in Bangladesh, and possibly, elsewhere in South Asia.&lt;/p&gt;</dc:description>
  <dc:language>eng</dc:language>
  <dc:subject>asia</dc:subject>
  <dc:subject>bangladesh</dc:subject>
  <dc:subject>innovation systems</dc:subject>
  <dc:subject>is extension</dc:subject>
  <dc:type>Journal Article</dc:type>
  <dc:format>355–371</dc:format>
</oai_dc:dc>