<oai_dc:dc xmlns:oai_dc="http://www.openarchives.org/OAI/2.0/oai_dc/" xmlns:dc="http://purl.org/dc/elements/1.1/" xmlns:xsi="http://www.w3.org/2001/XMLSchema-instance" xsi:schemaLocation="http://www.openarchives.org/OAI/2.0/oai_dc/  http://www.openarchives.org/OAI/2.0/oai_dc.xsd">
  <dc:title>The Role of Innovation Brokers in Agricultural Innovation Systems</dc:title>
  <dc:creator>L. Klerkx</dc:creator>
  <dc:creator>P. Gildemacher</dc:creator>
  <DOI xmlns="http://www.openarchives.org/OAI/2.0/">10.1787/9789264167445-19-en</DOI>
  <Publisher xmlns="http://www.openarchives.org/OAI/2.0/">World Bank</Publisher>
  <dc:source>Agricultural Innovation Systems: an Investment Sourcebook</dc:source>
  <URL xmlns="http://www.openarchives.org/OAI/2.0/">http://siteresources.worldbank.org/INTARD/Resources/335807-1330620492317/8478371-1330712142266/Module3-TN4.pdf</URL>
  <dc:date>2012</dc:date>
  <dc:description>&lt;p&gt;This section discusses the role of innovation brokers in bridging communication gaps between various actors of innovation systems. On the basis of recent experience in the Netherlands, it outlines the success of brokers in finding solutions adapted to the needs of farmers and industry, and thus their positive impact on innovation adoption. This section also examines some issues on how brokers function, particularly with regard to balancing interests, funding their activities, and the role of government.&lt;/p&gt;</dc:description>
  <dc:language>eng</dc:language>
  <dc:subject>innovation systems</dc:subject>
  <dc:subject>is extension</dc:subject>
  <dc:subject>is research</dc:subject>
  <dc:subject>knowledge brokering</dc:subject>
  <dc:subject>learning&amp;facilitation</dc:subject>
  <dc:type>Book Chapter</dc:type>
  <dc:format>221–230</dc:format>
</oai_dc:dc>