<oai_dc:dc xmlns:oai_dc="http://www.openarchives.org/OAI/2.0/oai_dc/" xmlns:dc="http://purl.org/dc/elements/1.1/" xmlns:xsi="http://www.w3.org/2001/XMLSchema-instance" xsi:schemaLocation="http://www.openarchives.org/OAI/2.0/oai_dc/  http://www.openarchives.org/OAI/2.0/oai_dc.xsd">
  <dc:title>Bringing New Ideas into Practice: Experiments with Agricultural Innovation</dc:title>
  <dc:creator>P. Gildemacher</dc:creator>
  <dc:creator>R. Mur</dc:creator>
  <ISBN-Number xmlns="http://www.openarchives.org/OAI/2.0/">9789460222337</ISBN-Number>
  <Publisher xmlns="http://www.openarchives.org/OAI/2.0/">Royal Tropical Institute (KIT)</Publisher>
  <dc:date>2012</dc:date>
  <dc:language>eng</dc:language>
  <dc:subject>ad&amp;case africa</dc:subject>
  <dc:subject>capacity building and development</dc:subject>
  <dc:subject>cd system or policy</dc:subject>
  <dc:subject>food security</dc:subject>
  <dc:subject>innovation systems</dc:subject>
  <dc:subject>is market</dc:subject>
  <dc:subject>is platforms</dc:subject>
  <dc:type>Book</dc:type>
  <dc:format />
</oai_dc:dc>