<oai_dc:dc xmlns:oai_dc="http://www.openarchives.org/OAI/2.0/oai_dc/" xmlns:dc="http://purl.org/dc/elements/1.1/" xmlns:xsi="http://www.w3.org/2001/XMLSchema-instance" xsi:schemaLocation="http://www.openarchives.org/OAI/2.0/oai_dc/  http://www.openarchives.org/OAI/2.0/oai_dc.xsd">
  <dc:title>Social Learning and Networking How multiple actors can learn through joint analysis, dialogue and co-creation</dc:title>
  <dc:creator>L. Van Der Zouwen</dc:creator>
  <dc:creator>N. De Roo</dc:creator>
  <Publisher xmlns="http://www.openarchives.org/OAI/2.0/">Wageningen UR Centre for Development Innovation</Publisher>
  <dc:date>2010</dc:date>
  <dc:language>eng</dc:language>
  <dc:subject>innovation platforms</dc:subject>
  <dc:subject>innovation systems</dc:subject>
  <dc:subject>knowledge and information sharing</dc:subject>
  <dc:subject>multi-stakeholders processes</dc:subject>
  <dc:subject>multistakeholder processes</dc:subject>
  <dc:subject>networked learning</dc:subject>
  <dc:subject>social learning</dc:subject>
  <dc:type>Miscellaneous</dc:type>
  <dc:format />
</oai_dc:dc>