<oai_dc:dc xmlns:oai_dc="http://www.openarchives.org/OAI/2.0/oai_dc/" xmlns:dc="http://purl.org/dc/elements/1.1/" xmlns:xsi="http://www.w3.org/2001/XMLSchema-instance" xsi:schemaLocation="http://www.openarchives.org/OAI/2.0/oai_dc/  http://www.openarchives.org/OAI/2.0/oai_dc.xsd">
  <dc:title>Water Resource Research and Education in Mountain Communities</dc:title>
  <dc:creator>M.Cecilia Ro García</dc:creator>
  <dc:creator>C.Eugenia Ro García</dc:creator>
  <dc:creator>S. Brown</dc:creator>
  <dc:creator>E. Cordero</dc:creator>
  <DOI xmlns="http://www.openarchives.org/OAI/2.0/">10.1659/mrd.1038</DOI>
  <Publisher xmlns="http://www.openarchives.org/OAI/2.0/">International Mountain Society</Publisher>
  <dc:date>2008</dc:date>
  <dc:language>eng</dc:language>
  <dc:subject>km</dc:subject>
  <dc:subject>latin america</dc:subject>
  <dc:type>Miscellaneous</dc:type>
  <dc:format>196–200</dc:format>
</oai_dc:dc>