<oai_dc:dc xmlns:oai_dc="http://www.openarchives.org/OAI/2.0/oai_dc/" xmlns:dc="http://purl.org/dc/elements/1.1/" xmlns:xsi="http://www.w3.org/2001/XMLSchema-instance" xsi:schemaLocation="http://www.openarchives.org/OAI/2.0/oai_dc/  http://www.openarchives.org/OAI/2.0/oai_dc.xsd">
  <dc:title>Maximizing Impact from Agricultural Research: Potential of the IAR4D Concept</dc:title>
  <dc:creator>A.A. Adekunle</dc:creator>
  <dc:creator>A.B. Ayanwale</dc:creator>
  <dc:creator>A. Agumya</dc:creator>
  <dc:creator>F. Kwesiga</dc:creator>
  <dc:creator>M.P. Jones</dc:creator>
  <ISBN-Number xmlns="http://www.openarchives.org/OAI/2.0/">9789988843809</ISBN-Number>
  <Publisher xmlns="http://www.openarchives.org/OAI/2.0/">Forum for Agricultural Resarch in Africa (FARA)</Publisher>
  <URL xmlns="http://www.openarchives.org/OAI/2.0/">http://www.fara-africa.org/media/uploads/library/docs/fara_publications/maximising_imact_from_agr_res_ver07.pdf</URL>
  <dc:date>2013</dc:date>
  <dc:language>eng</dc:language>
  <dc:subject>m&amp;e</dc:subject>
  <dc:type>Book</dc:type>
  <dc:format>72</dc:format>
</oai_dc:dc>