<oai_dc:dc xmlns:oai_dc="http://www.openarchives.org/OAI/2.0/oai_dc/" xmlns:dc="http://purl.org/dc/elements/1.1/" xmlns:xsi="http://www.w3.org/2001/XMLSchema-instance" xsi:schemaLocation="http://www.openarchives.org/OAI/2.0/oai_dc/  http://www.openarchives.org/OAI/2.0/oai_dc.xsd">
  <dc:title>Agricultural Knowledge and Innovation Systems in Transition – a reflection paper</dc:title>
  <dc:creator>E.U. SCAR</dc:creator>
  <DOI xmlns="http://www.openarchives.org/OAI/2.0/">10.2777/34991</DOI>
  <ISBN-Number xmlns="http://www.openarchives.org/OAI/2.0/">9789279222528</ISBN-Number>
  <Publisher xmlns="http://www.openarchives.org/OAI/2.0/">European Commission (EC)</Publisher>
  <dc:date>2012</dc:date>
  <dc:description>&lt;p&gt;Reviews the links between knowledge and agricultural innovation in Europe as an input to the development of a future European agricultural knowledge system (includes ideas about M&amp;amp;E)&lt;/p&gt;</dc:description>
  <dc:language>eng</dc:language>
  <dc:subject>ad&amp;case europe</dc:subject>
  <dc:subject>cd europe</dc:subject>
  <dc:subject>innovation systems</dc:subject>
  <dc:subject>is actor research</dc:subject>
  <dc:subject>is extension agency</dc:subject>
  <dc:subject>is learning and knowledge</dc:subject>
  <dc:subject>management and capacity</dc:subject>
  <dc:type>Book</dc:type>
  <dc:format />
</oai_dc:dc>