<oai_dc:dc xmlns:oai_dc="http://www.openarchives.org/OAI/2.0/oai_dc/" xmlns:dc="http://purl.org/dc/elements/1.1/" xmlns:xsi="http://www.w3.org/2001/XMLSchema-instance" xsi:schemaLocation="http://www.openarchives.org/OAI/2.0/oai_dc/  http://www.openarchives.org/OAI/2.0/oai_dc.xsd">
  <dc:title>Learning for capacity development: a holistic approach to sustained organisational change</dc:title>
  <dc:creator>P. Thol</dc:creator>
  <dc:creator>S. Chankiriroth</dc:creator>
  <dc:creator>D. Barbian</dc:creator>
  <dc:creator>G. Storer</dc:creator>
  <DOI xmlns="http://www.openarchives.org/OAI/2.0/">10.1080/09614524.2012.696581</DOI>
  <dc:source>Development in Practice</dc:source>
  <dc:date>2012</dc:date>
  <dc:description>&lt;p&gt;This article describes a holistic approach to organisational development that promotes learning and its integration into everyday work practice. It presents the approach and how it leads to genuine organisational transformation, increased organisational efficiency, and resilience during change. When an organisation is both willing and able to engage with a holistic approach, the results are significantly better than any that external one-off interventions or standalone training programmes can produce.$backslash$n$backslash$nApprendre pour le développement des capacités : une approche globale du changement organisationnel soutenu$backslash$n$backslash$nCet article décrit une approche globale du développement organisationnel qui favorise l'apprentissage et son intégration dans les pratiques quotidiennes du travail. Il présente l'approche et la manière dont elle mène à une transformation organisationnelle véritable, à une efficacité organisationnelle accrue et à la résilience durant les périodes de changement. Lorsqu'une organisation est à la fois en mesure d'adhérer à une approche globale et disposée à le faire, les résultats sont largement meilleurs que ceux que peuvent produire les interventions exceptionnelles externes ou les programmes de formation autonomes.$backslash$n$backslash$nAprendizado para o desenvolvimento de capacidades: uma abordagem holística para a mudança organizacional sustentável$backslash$n$backslash$nEste artigo descreve uma abordagem holística para o desenvolvimento organizacional que promove o aprendizado e sua integração em práticas de trabalho cotidianas. Ele apresenta a abordagem e como ela leva a uma transformação organizacional genuína, maior eficiência organizacional e resiliência durante a mudança. Quando uma organização deseja e é capaz de engajar-se em uma abordagem holística, os resultados são significativamente melhores do que os obtidos por intervenções externas únicas ou programas de treinamento isolados.$backslash$n$backslash$nAprender a desarrollar capacidades: un método integral para el cambio organizacional sostenible$backslash$n$backslash$nEste ensayo describe un método integral para el desarrollo organizacional que promueve el aprendizaje y su incorporación a las prácticas laborales cotidianas. Presenta el método y explica cómo su uso puede desembocar en una transformación organizacional genuina, una mayor eficiencia organizacional y una mejor adaptación a los cambios. Cuando en una organización se dan las condiciones y la voluntad para abordar un método integral, los resultados superan ampliamente a los que se obtienen con intervenciones puntuales o con programas de formación aislados.&lt;/p&gt;</dc:description>
  <dc:language>eng</dc:language>
  <dc:subject>cd</dc:subject>
  <dc:subject>cd organizational</dc:subject>
  <dc:subject>development</dc:subject>
  <dc:subject>establishing a learning culture</dc:subject>
  <dc:subject>forums</dc:subject>
  <dc:subject>holistic approach to organisational</dc:subject>
  <dc:subject>knowled and learning</dc:subject>
  <dc:subject>learning</dc:subject>
  <dc:subject>organisational readiness and resilience</dc:subject>
  <dc:subject>partnership agreements</dc:subject>
  <dc:type>Journal Article</dc:type>
  <dc:format>909–920</dc:format>
</oai_dc:dc>