<oai_dc:dc xmlns:oai_dc="http://www.openarchives.org/OAI/2.0/oai_dc/" xmlns:dc="http://purl.org/dc/elements/1.1/" xmlns:xsi="http://www.w3.org/2001/XMLSchema-instance" xsi:schemaLocation="http://www.openarchives.org/OAI/2.0/oai_dc/  http://www.openarchives.org/OAI/2.0/oai_dc.xsd">
  <dc:title>A gateway for capacity development: understanding context</dc:title>
  <dc:creator />
  <dc:creator>H. Greijn</dc:creator>
  <Publisher xmlns="http://www.openarchives.org/OAI/2.0/">European Centre for Development Policy Management (ECDPM) Interchurch Organisation for Development Cooperation (ICCA), SNV Netherlands Development Organisation and United Nations Development Programme (UNDP)</Publisher>
  <dc:date>2009</dc:date>
  <dc:language>eng</dc:language>
  <dc:subject>cd</dc:subject>
  <dc:type>Book</dc:type>
  <dc:format />
</oai_dc:dc>