<oai_dc:dc xmlns:oai_dc="http://www.openarchives.org/OAI/2.0/oai_dc/" xmlns:dc="http://purl.org/dc/elements/1.1/" xmlns:xsi="http://www.w3.org/2001/XMLSchema-instance" xsi:schemaLocation="http://www.openarchives.org/OAI/2.0/oai_dc/  http://www.openarchives.org/OAI/2.0/oai_dc.xsd">
  <dc:title>The Capacity Development Results Framework: a strategic and results-oriented approach to learning for capacity development</dc:title>
  <dc:creator>O. Samuel</dc:creator>
  <dc:creator>A. Natalia</dc:creator>
  <dc:creator>B. Joy</dc:creator>
  <Publisher xmlns="http://www.openarchives.org/OAI/2.0/">World Bank</Publisher>
  <dc:date>2009</dc:date>
  <dc:language>eng</dc:language>
  <dc:subject>cd</dc:subject>
  <dc:subject>cd learning</dc:subject>
  <dc:subject>cd system</dc:subject>
  <dc:subject>knowled and information sharing</dc:subject>
  <dc:subject>m&amp;e</dc:subject>
  <dc:type>Miscellaneous</dc:type>
  <dc:format />
</oai_dc:dc>