<oai_dc:dc xmlns:oai_dc="http://www.openarchives.org/OAI/2.0/oai_dc/" xmlns:dc="http://purl.org/dc/elements/1.1/" xmlns:xsi="http://www.w3.org/2001/XMLSchema-instance" xsi:schemaLocation="http://www.openarchives.org/OAI/2.0/oai_dc/  http://www.openarchives.org/OAI/2.0/oai_dc.xsd">
  <dc:title>Extension, Poverty and Vulnerability: The Scope for Policy Reform - Final Report of a Study for the Neuchâtel Initiative</dc:title>
  <dc:creator>J. Farrington</dc:creator>
  <dc:creator>I. Christoplos</dc:creator>
  <dc:creator>A.D. Kidd</dc:creator>
  <Publisher xmlns="http://www.openarchives.org/OAI/2.0/">Overseas Development Institute (ODI)</Publisher>
  <dc:date>2002</dc:date>
  <dc:language>eng</dc:language>
  <dc:subject>ad&amp;case geographical cross cutting</dc:subject>
  <dc:subject>is extension</dc:subject>
  <dc:subject>is farmer organization</dc:subject>
  <dc:subject>is private</dc:subject>
  <dc:subject>is public</dc:subject>
  <dc:type>Unpublished</dc:type>
  <dc:format />
</oai_dc:dc>