<oai_dc:dc xmlns:oai_dc="http://www.openarchives.org/OAI/2.0/oai_dc/" xmlns:dc="http://purl.org/dc/elements/1.1/" xmlns:xsi="http://www.w3.org/2001/XMLSchema-instance" xsi:schemaLocation="http://www.openarchives.org/OAI/2.0/oai_dc/  http://www.openarchives.org/OAI/2.0/oai_dc.xsd">
  <dc:title>Enhancing farmers’ capacity for botanical pesticide innovation through video-mediated learning in Bangladesh</dc:title>
  <dc:creator>A. Chowdhury</dc:creator>
  <dc:creator>H.Hambly Odame</dc:creator>
  <dc:creator>S. Thompson</dc:creator>
  <dc:creator>M. Hauser</dc:creator>
  <DOI xmlns="http://www.openarchives.org/OAI/2.0/">10.1080/14735903.2014.997461</DOI>
  <dc:source>International Journal of Agricultural Sustainability</dc:source>
  <URL xmlns="http://www.openarchives.org/OAI/2.0/">http://www.tandfonline.com/doi/abs/10.1080/14735903.2014.997461</URL>
  <dc:date>2015</dc:date>
  <dc:language>eng</dc:language>
  <dc:subject>asia</dc:subject>
  <dc:subject>bangladesh</dc:subject>
  <dc:subject>cd</dc:subject>
  <dc:subject>cd individual</dc:subject>
  <dc:subject>cd organizational</dc:subject>
  <dc:subject>knowledge and information sharing</dc:subject>
  <dc:subject>learning&amp;facilitation</dc:subject>
  <dc:subject>small holders</dc:subject>
  <dc:type>Journal Article</dc:type>
  <dc:format>1–24</dc:format>
</oai_dc:dc>