<oai_dc:dc xmlns:oai_dc="http://www.openarchives.org/OAI/2.0/oai_dc/" xmlns:dc="http://purl.org/dc/elements/1.1/" xmlns:xsi="http://www.w3.org/2001/XMLSchema-instance" xsi:schemaLocation="http://www.openarchives.org/OAI/2.0/oai_dc/  http://www.openarchives.org/OAI/2.0/oai_dc.xsd">
  <dc:title>Social learning in practice: A review of lessons, impacts and tools for climate change adaptation</dc:title>
  <dc:creator>B. Harvey</dc:creator>
  <dc:creator>J. Ensor</dc:creator>
  <dc:creator>B. Garside</dc:creator>
  <dc:creator>L. Carlile</dc:creator>
  <Publisher xmlns="http://www.openarchives.org/OAI/2.0/">CGIAR Research Program on Climate Change, Agriculture and Food Security (CCAFS)</Publisher>
  <URL xmlns="http://www.openarchives.org/OAI/2.0/">www.ccafs.cgiar.org</URL>
  <dc:date>2013</dc:date>
  <dc:description>&lt;p&gt;The aim of this report is to provide a detailed review of documented social learning processes for climate changeand natural resource managementas described in peer-reviewed literature. Particular focus is on identifying (1) lessons and principles, (2) tools and approaches, (3) evaluation of social learning, as well as (4) concrete examples of impacts that social learning has contributed to. This paper has sought to contribute to reflections on the role that social learning might play and the impacts it might have in supporting decision making on climate change, agriculture and food security&lt;/p&gt;</dc:description>
  <dc:language>eng</dc:language>
  <dc:subject>climate change</dc:subject>
  <dc:subject>l&amp;f organizational</dc:subject>
  <dc:subject>l&amp;f social</dc:subject>
  <dc:subject>learning&amp;facilitation</dc:subject>
  <dc:type>Unpublished</dc:type>
  <dc:format />
</oai_dc:dc>