<oai_dc:dc xmlns:oai_dc="http://www.openarchives.org/OAI/2.0/oai_dc/" xmlns:dc="http://purl.org/dc/elements/1.1/" xmlns:xsi="http://www.w3.org/2001/XMLSchema-instance" xsi:schemaLocation="http://www.openarchives.org/OAI/2.0/oai_dc/  http://www.openarchives.org/OAI/2.0/oai_dc.xsd">
  <dc:title>Inclusive Innovation: Definition, Conceptualisation and Future Research Priorities</dc:title>
  <dc:creator>R. Heeks</dc:creator>
  <dc:creator>M. Amalia</dc:creator>
  <Publisher xmlns="http://www.openarchives.org/OAI/2.0/">Centre for Development Informatics</Publisher>
  <dc:date>2013</dc:date>
  <dc:language>eng</dc:language>
  <dc:subject>cd tools</dc:subject>
  <dc:subject>Developing Countries</dc:subject>
  <dc:subject>Inclusive Innovation</dc:subject>
  <dc:subject>innovation systems</dc:subject>
  <dc:subject>Manchester</dc:subject>
  <dc:subject>Research Priorities</dc:subject>
  <dc:type>Unpublished</dc:type>
  <dc:format />
</oai_dc:dc>