<oai_dc:dc xmlns:oai_dc="http://www.openarchives.org/OAI/2.0/oai_dc/" xmlns:dc="http://purl.org/dc/elements/1.1/" xmlns:xsi="http://www.w3.org/2001/XMLSchema-instance" xsi:schemaLocation="http://www.openarchives.org/OAI/2.0/oai_dc/  http://www.openarchives.org/OAI/2.0/oai_dc.xsd">
  <dc:title>Unlocking the potential of social learning for climate change and food security</dc:title>
  <dc:creator />
  <Publisher xmlns="http://www.openarchives.org/OAI/2.0/">Climate Change, Agriculture and Food Security (CCAFS)</Publisher>
  <dc:date>2013</dc:date>
  <dc:language>eng</dc:language>
  <dc:subject>l&amp;f geographical cross-cutting</dc:subject>
  <dc:subject>learning&amp;facilitation</dc:subject>
  <dc:subject>lf social</dc:subject>
  <dc:subject>lf transformational</dc:subject>
  <dc:type>Miscellaneous</dc:type>
  <dc:format />
</oai_dc:dc>