<oai_dc:dc xmlns:oai_dc="http://www.openarchives.org/OAI/2.0/oai_dc/" xmlns:dc="http://purl.org/dc/elements/1.1/" xmlns:xsi="http://www.w3.org/2001/XMLSchema-instance" xsi:schemaLocation="http://www.openarchives.org/OAI/2.0/oai_dc/  http://www.openarchives.org/OAI/2.0/oai_dc.xsd">
  <dc:title>Towards optimal coordination of the Chilean Agricultural Innovation System: Design for a MINAGRI Agricultural Innovation Coordination Unit</dc:title>
  <dc:creator>W. Bank</dc:creator>
  <dc:source>The World Bank Group</dc:source>
  <URL xmlns="http://www.openarchives.org/OAI/2.0/">http://www.fia.cl/Portals/0/BancoMundial/Chile_Report_2013_Final_Revised2 (1).pdf</URL>
  <dc:date>2013</dc:date>
  <dc:description>&lt;p&gt;This is a study for developing long-term strategy for Chilean Innovation System&lt;/p&gt;</dc:description>
  <dc:language>eng</dc:language>
  <dc:subject>ad&amp;case latin america</dc:subject>
  <dc:subject>innovation systems</dc:subject>
  <dc:subject>is chile</dc:subject>
  <dc:subject>is international</dc:subject>
  <dc:subject>is latin america</dc:subject>
  <dc:type>Miscellaneous</dc:type>
  <dc:format>70</dc:format>
</oai_dc:dc>