<oai_dc:dc xmlns:oai_dc="http://www.openarchives.org/OAI/2.0/oai_dc/" xmlns:dc="http://purl.org/dc/elements/1.1/" xmlns:xsi="http://www.w3.org/2001/XMLSchema-instance" xsi:schemaLocation="http://www.openarchives.org/OAI/2.0/oai_dc/  http://www.openarchives.org/OAI/2.0/oai_dc.xsd">
  <dc:title>Capacity to innovate in the SRF Complexity</dc:title>
  <dc:creator>E.Initiative Research</dc:creator>
  <dc:creator>D.( EIARD)</dc:creator>
  <dc:date>2015</dc:date>
  <dc:language>eng</dc:language>
  <dc:subject>cd</dc:subject>
  <dc:subject>innovation policies</dc:subject>
  <dc:subject>innovations systems</dc:subject>
  <dc:type>Miscellaneous</dc:type>
  <dc:format />
</oai_dc:dc>