<oai_dc:dc xmlns:oai_dc="http://www.openarchives.org/OAI/2.0/oai_dc/" xmlns:dc="http://purl.org/dc/elements/1.1/" xmlns:xsi="http://www.w3.org/2001/XMLSchema-instance" xsi:schemaLocation="http://www.openarchives.org/OAI/2.0/oai_dc/  http://www.openarchives.org/OAI/2.0/oai_dc.xsd">
  <dc:title>The institutional structure of rural extension and public-private relations in Latin America</dc:title>
  <dc:creator>E. Alarcon</dc:creator>
  <Publisher xmlns="http://www.openarchives.org/OAI/2.0/">Rimisp - Latin American Center for Rural Development</Publisher>
  <dc:date>2012</dc:date>
  <dc:language>eng</dc:language>
  <dc:subject>innovation sysytems</dc:subject>
  <dc:subject>is extension</dc:subject>
  <dc:subject>is institutional</dc:subject>
  <dc:subject>is research</dc:subject>
  <dc:subject>latin america</dc:subject>
  <dc:type>Miscellaneous</dc:type>
  <dc:format>1–7</dc:format>
</oai_dc:dc>