<oai_dc:dc xmlns:oai_dc="http://www.openarchives.org/OAI/2.0/oai_dc/" xmlns:dc="http://purl.org/dc/elements/1.1/" xmlns:xsi="http://www.w3.org/2001/XMLSchema-instance" xsi:schemaLocation="http://www.openarchives.org/OAI/2.0/oai_dc/  http://www.openarchives.org/OAI/2.0/oai_dc.xsd">
  <dc:title>Analysing stakeholder power dynamics in multi-stakeholder processes : insights of practice from Africa and Asia</dc:title>
  <dc:creator>H. Brouwer</dc:creator>
  <dc:creator>W. Hiemstra</dc:creator>
  <dc:creator>S. Van Vugt</dc:creator>
  <dc:creator>H. Walters</dc:creator>
  <dc:source>Knowledge Management for Development Journal</dc:source>
  <dc:date>2013</dc:date>
  <dc:language>eng</dc:language>
  <dc:subject>africa</dc:subject>
  <dc:subject>asia</dc:subject>
  <dc:subject>cases</dc:subject>
  <dc:subject>cd</dc:subject>
  <dc:subject>ghana</dc:subject>
  <dc:subject>indonesia</dc:subject>
  <dc:subject>innovation systems</dc:subject>
  <dc:subject>learning</dc:subject>
  <dc:subject>multi-stakeholder processes</dc:subject>
  <dc:subject>multi-stakeholders processes</dc:subject>
  <dc:subject>nigeria</dc:subject>
  <dc:subject>Philippines</dc:subject>
  <dc:subject>power analyses</dc:subject>
  <dc:subject>research</dc:subject>
  <dc:type>Journal Article</dc:type>
  <dc:format>11–31</dc:format>
</oai_dc:dc>