<oai_dc:dc xmlns:oai_dc="http://www.openarchives.org/OAI/2.0/oai_dc/" xmlns:dc="http://purl.org/dc/elements/1.1/" xmlns:xsi="http://www.w3.org/2001/XMLSchema-instance" xsi:schemaLocation="http://www.openarchives.org/OAI/2.0/oai_dc/  http://www.openarchives.org/OAI/2.0/oai_dc.xsd">
  <dc:title>Innovation systems: Implications for agricultural policy and practice</dc:title>
  <dc:creator>A. Hall</dc:creator>
  <dc:creator>L. Mytelka</dc:creator>
  <dc:creator>B. Oyeyinka</dc:creator>
  <Publisher xmlns="http://www.openarchives.org/OAI/2.0/">CGIAR</Publisher>
  <dc:date>2005</dc:date>
  <dc:language>eng</dc:language>
  <dc:subject>innovation</dc:subject>
  <dc:subject>innovation systems</dc:subject>
  <dc:subject>Research for development</dc:subject>
  <dc:subject>Research for Policy</dc:subject>
  <dc:type>Miscellaneous</dc:type>
  <dc:format>1–4</dc:format>
</oai_dc:dc>