<oai_dc:dc xmlns:oai_dc="http://www.openarchives.org/OAI/2.0/oai_dc/" xmlns:dc="http://purl.org/dc/elements/1.1/" xmlns:xsi="http://www.w3.org/2001/XMLSchema-instance" xsi:schemaLocation="http://www.openarchives.org/OAI/2.0/oai_dc/  http://www.openarchives.org/OAI/2.0/oai_dc.xsd">
  <dc:title>Extreme temperatures and violence Making the most of climate impacts ensembles</dc:title>
  <dc:creator>C. Raleigh</dc:creator>
  <dc:creator>A. Linke</dc:creator>
  <dc:creator>J.O. Loughlin</dc:creator>
  <DOI xmlns="http://www.openarchives.org/OAI/2.0/">10.1038/nclimate2101</DOI>
  <dc:source>Nature Publishing Group</dc:source>
  <URL xmlns="http://www.openarchives.org/OAI/2.0/">http://dx.doi.org/10.1038/nclimate2101</URL>
  <dc:date>2014</dc:date>
  <dc:language>eng</dc:language>
  <dc:subject>m&amp;e</dc:subject>
  <dc:subject>m&amp;e geographical cross-cutting</dc:subject>
  <dc:subject>m&amp;e impact study</dc:subject>
  <dc:subject>m&amp;e tools</dc:subject>
  <dc:type>Journal Article</dc:type>
  <dc:format>76–77</dc:format>
</oai_dc:dc>