<oai_dc:dc xmlns:oai_dc="http://www.openarchives.org/OAI/2.0/oai_dc/" xmlns:dc="http://purl.org/dc/elements/1.1/" xmlns:xsi="http://www.w3.org/2001/XMLSchema-instance" xsi:schemaLocation="http://www.openarchives.org/OAI/2.0/oai_dc/  http://www.openarchives.org/OAI/2.0/oai_dc.xsd">
  <dc:title>Innovation grants to smallholder farmers: Revisiting the key assumptions in the impact pathways</dc:title>
  <dc:creator>G. Ton</dc:creator>
  <dc:creator>L. Klerkx</dc:creator>
  <dc:creator>K. De Grip</dc:creator>
  <dc:creator>Mluise Rau</dc:creator>
  <dc:source>Food policy</dc:source>
  <dc:date>2014</dc:date>
  <dc:language>eng</dc:language>
  <dc:subject>family farming</dc:subject>
  <dc:subject>innovation systems</dc:subject>
  <dc:subject>m&amp;e capacity development</dc:subject>
  <dc:subject>m&amp;e tools</dc:subject>
  <dc:subject>small holders</dc:subject>
  <dc:type>Journal Article</dc:type>
  <dc:format>9–23</dc:format>
</oai_dc:dc>