<oai_dc:dc xmlns:oai_dc="http://www.openarchives.org/OAI/2.0/oai_dc/" xmlns:dc="http://purl.org/dc/elements/1.1/" xmlns:xsi="http://www.w3.org/2001/XMLSchema-instance" xsi:schemaLocation="http://www.openarchives.org/OAI/2.0/oai_dc/  http://www.openarchives.org/OAI/2.0/oai_dc.xsd">
  <dc:title>Impact of agricultural cooperatives on smallholders&amp;amp;rsquo; technical efficiency : empirical evidence from Ethiopia</dc:title>
  <dc:creator>G.Tadesse Abate</dc:creator>
  <dc:creator>G.Nicola Francesconi</dc:creator>
  <dc:creator>K. Getnet</dc:creator>
  <dc:source>Annals of Public and Cooperative Economics</dc:source>
  <URL xmlns="http://www.openarchives.org/OAI/2.0/">http://ciat-library.ciat.cgiar.org/Articulos_Ciat/biblioteca/Uncorrected_proofs-Impact_of_agricultural_cooperatives_on_smallholders_ technica.pdf</URL>
  <dc:date>2014</dc:date>
  <dc:language>eng</dc:language>
  <dc:subject>africa</dc:subject>
  <dc:subject>agricultural cooperatives</dc:subject>
  <dc:subject>ethiopia</dc:subject>
  <dc:subject>jel classification</dc:subject>
  <dc:subject>m&amp;e output oriented</dc:subject>
  <dc:subject>q12</dc:subject>
  <dc:subject>q13</dc:subject>
  <dc:subject>q16</dc:subject>
  <dc:subject>small holders</dc:subject>
  <dc:subject>smallholder farmers</dc:subject>
  <dc:subject>technical efficiency</dc:subject>
  <dc:type>Journal Article</dc:type>
  <dc:format>85(2): 1–30</dc:format>
</oai_dc:dc>