<oai_dc:dc xmlns:oai_dc="http://www.openarchives.org/OAI/2.0/oai_dc/" xmlns:dc="http://purl.org/dc/elements/1.1/" xmlns:xsi="http://www.w3.org/2001/XMLSchema-instance" xsi:schemaLocation="http://www.openarchives.org/OAI/2.0/oai_dc/  http://www.openarchives.org/OAI/2.0/oai_dc.xsd">
  <dc:title>Pathways for Change: 10 Theories to Inform Advocacy and Policy Change Efforts</dc:title>
  <dc:creator>S. Stachowiak</dc:creator>
  <Publisher xmlns="http://www.openarchives.org/OAI/2.0/">Center for Evaluation Innovation</Publisher>
  <dc:date>2013</dc:date>
  <dc:description>&lt;p&gt;This brief report lays out 10 theories of advocacy and policy change. These theories are intended to articulate the policy making process and identify causal connections supported by research to explain how and why a change may or may not occur. It further provides examples of the way in which advocates, funders, and evaluators can use these theories in their work.&lt;/p&gt;</dc:description>
  <dc:language>eng</dc:language>
  <dc:subject>Advocacy</dc:subject>
  <dc:subject>cd policies</dc:subject>
  <dc:subject>m&amp;e</dc:subject>
  <dc:subject>Policy change</dc:subject>
  <dc:subject>Theory of change</dc:subject>
  <dc:type>Miscellaneous</dc:type>
  <dc:format>1–30</dc:format>
</oai_dc:dc>