<oai_dc:dc xmlns:oai_dc="http://www.openarchives.org/OAI/2.0/oai_dc/" xmlns:dc="http://purl.org/dc/elements/1.1/" xmlns:xsi="http://www.w3.org/2001/XMLSchema-instance" xsi:schemaLocation="http://www.openarchives.org/OAI/2.0/oai_dc/  http://www.openarchives.org/OAI/2.0/oai_dc.xsd">
  <dc:title>Losing less and winning more: building capacity to go beyond the trade-offs between conservation and development in the Lowel Mekong</dc:title>
  <dc:creator>T.C.H. Sunderland</dc:creator>
  <dc:creator>M.Hoang Yen</dc:creator>
  <Publisher xmlns="http://www.openarchives.org/OAI/2.0/">Center for International Forestry Research (CIFOR)</Publisher>
  <dc:date>2009</dc:date>
  <dc:language>eng</dc:language>
  <dc:subject>asia</dc:subject>
  <dc:subject>cambodia</dc:subject>
  <dc:subject>cd</dc:subject>
  <dc:subject>cd environment</dc:subject>
  <dc:subject>cd organizational</dc:subject>
  <dc:subject>laos</dc:subject>
  <dc:subject>vietnam</dc:subject>
  <dc:type>Miscellaneous</dc:type>
  <dc:format />
</oai_dc:dc>