<oai_dc:dc xmlns:oai_dc="http://www.openarchives.org/OAI/2.0/oai_dc/" xmlns:dc="http://purl.org/dc/elements/1.1/" xmlns:xsi="http://www.w3.org/2001/XMLSchema-instance" xsi:schemaLocation="http://www.openarchives.org/OAI/2.0/oai_dc/  http://www.openarchives.org/OAI/2.0/oai_dc.xsd">
  <dc:title>Impactful Innovations: Lessons from Family Agriculture in Latin America and the Caribbean</dc:title>
  <dc:creator>P. Henriquez</dc:creator>
  <dc:creator>H.Li Pun</dc:creator>
  <ISBN-Number xmlns="http://www.openarchives.org/OAI/2.0/">9789292485146</ISBN-Number>
  <Publisher xmlns="http://www.openarchives.org/OAI/2.0/">Inter-American Development Bank (IDB); Inter-American Institute for Cooperation on Agriculture (IICA)</Publisher>
  <dc:date>2014</dc:date>
  <dc:language>eng</dc:language>
  <dc:subject>brazil</dc:subject>
  <dc:subject>family farming</dc:subject>
  <dc:subject>latin america and caribbean</dc:subject>
  <dc:subject>m&amp;e tools</dc:subject>
  <dc:subject>peru</dc:subject>
  <dc:type>Miscellaneous</dc:type>
  <dc:format />
</oai_dc:dc>