<oai_dc:dc xmlns:oai_dc="http://www.openarchives.org/OAI/2.0/oai_dc/" xmlns:dc="http://purl.org/dc/elements/1.1/" xmlns:xsi="http://www.w3.org/2001/XMLSchema-instance" xsi:schemaLocation="http://www.openarchives.org/OAI/2.0/oai_dc/  http://www.openarchives.org/OAI/2.0/oai_dc.xsd">
  <dc:title>Gender and Inclusion Toolbox : Participatory Research in Climate</dc:title>
  <dc:creator>J. Christine</dc:creator>
  <dc:creator>F. Nafisa</dc:creator>
  <dc:creator>S. Taylor</dc:creator>
  <Publisher xmlns="http://www.openarchives.org/OAI/2.0/">CGIAR Research Program on Climate Change, Agriculture and Food Security (CCAFS)</Publisher>
  <dc:date>2014</dc:date>
  <dc:language>eng</dc:language>
  <dc:subject>africa</dc:subject>
  <dc:subject>cd tools</dc:subject>
  <dc:subject>climate change</dc:subject>
  <dc:subject>gender equality</dc:subject>
  <dc:type>Book</dc:type>
  <dc:format />
</oai_dc:dc>