<oai_dc:dc xmlns:oai_dc="http://www.openarchives.org/OAI/2.0/oai_dc/" xmlns:dc="http://purl.org/dc/elements/1.1/" xmlns:xsi="http://www.w3.org/2001/XMLSchema-instance" xsi:schemaLocation="http://www.openarchives.org/OAI/2.0/oai_dc/  http://www.openarchives.org/OAI/2.0/oai_dc.xsd">
  <dc:title>Advocacy by Regional Forums for Improving Information Sharing and Exchange in Agricultural Research for Development</dc:title>
  <dc:creator>G.Forum on A. Reserach</dc:creator>
  <Publisher xmlns="http://www.openarchives.org/OAI/2.0/">Global Forum on Agricultural Research (GFAR)</Publisher>
  <dc:date>2008</dc:date>
  <dc:language>eng</dc:language>
  <dc:subject>is research</dc:subject>
  <dc:subject>knowledge and information sharing</dc:subject>
  <dc:subject>learning&amp;facilitation</dc:subject>
  <dc:type>Miscellaneous</dc:type>
  <dc:format />
</oai_dc:dc>