<oai_dc:dc xmlns:oai_dc="http://www.openarchives.org/OAI/2.0/oai_dc/" xmlns:dc="http://purl.org/dc/elements/1.1/" xmlns:xsi="http://www.w3.org/2001/XMLSchema-instance" xsi:schemaLocation="http://www.openarchives.org/OAI/2.0/oai_dc/  http://www.openarchives.org/OAI/2.0/oai_dc.xsd">
  <dc:creator>A.K.Abadi Ghadim</dc:creator>
  <dc:creator>D.J. Pannell</dc:creator>
  <dc:date>Submitted</dc:date>
  <dc:language>eng</dc:language>
  <dc:type>Journal Article</dc:type>
  <dc:format />
</oai_dc:dc>