<oai_dc:dc xmlns:oai_dc="http://www.openarchives.org/OAI/2.0/oai_dc/" xmlns:dc="http://purl.org/dc/elements/1.1/" xmlns:xsi="http://www.w3.org/2001/XMLSchema-instance" xsi:schemaLocation="http://www.openarchives.org/OAI/2.0/oai_dc/  http://www.openarchives.org/OAI/2.0/oai_dc.xsd">
  <dc:title>How Innovative Is Your Agriculture ? Using Innovation Indicators and Benchmarks to Strengthen National</dc:title>
  <dc:creator>D. Spielman</dc:creator>
  <dc:creator>R. Birner</dc:creator>
  <Publisher xmlns="http://www.openarchives.org/OAI/2.0/">The World Bank</Publisher>
  <URL xmlns="http://www.openarchives.org/OAI/2.0/">http://scholar.google.com/scholar?hl=en&amp;amp;btnG=Search&amp;amp;q=intitle:How+Innovative+Is+Your+Agriculture+?+Using+Innovation+Indicators+and+Benchmarks+to+Strengthen+National#0</URL>
  <dc:date>2008</dc:date>
  <dc:description>&lt;p&gt;This paper explores the application of the innovation systems framework to the design and construction of national agricultural innovation indicators. Optimally, these indicators could be used to gauge and benchmark national performance in developing more responsive, dynamic, and innovative agricultural sectors in developing countries. The paper develops a conceptual framework that ties the innovation systems framework to the agricultura sector; reviews how the framework has been used to develop innovation indicators in other fields; discusses a set of potential innovation indicators for developing-country agriculture; and identifies potential data sources and methods for constructing different types of indicators.&lt;/p&gt;</dc:description>
  <dc:language>eng</dc:language>
  <dc:subject>innovation systems</dc:subject>
  <dc:subject>is cross cutting</dc:subject>
  <dc:subject>is level regional</dc:subject>
  <dc:type>Miscellaneous</dc:type>
  <dc:format>48</dc:format>
</oai_dc:dc>