<oai_dc:dc xmlns:oai_dc="http://www.openarchives.org/OAI/2.0/oai_dc/" xmlns:dc="http://purl.org/dc/elements/1.1/" xmlns:xsi="http://www.w3.org/2001/XMLSchema-instance" xsi:schemaLocation="http://www.openarchives.org/OAI/2.0/oai_dc/  http://www.openarchives.org/OAI/2.0/oai_dc.xsd">
  <dc:title>Unlocking the Potential for Integrated Agricultural Research for Development in the Savanna of West Africa</dc:title>
  <dc:creator>A. A.A.</dc:creator>
  <dc:creator>A. A</dc:creator>
  <dc:creator>F.A. O</dc:creator>
  <dc:creator>O.L. O</dc:creator>
  <dc:creator>O. O</dc:creator>
  <dc:creator>N. S</dc:creator>
  <Publisher xmlns="http://www.openarchives.org/OAI/2.0/">Forum for Agricultural Resarch in Africa (FARA)</Publisher>
  <dc:date>2014</dc:date>
  <dc:language>eng</dc:language>
  <dc:subject>cd</dc:subject>
  <dc:subject>innovation systems</dc:subject>
  <dc:subject>is extension</dc:subject>
  <dc:subject>is farmer organizations</dc:subject>
  <dc:subject>is research</dc:subject>
  <dc:subject>knowled and learning</dc:subject>
  <dc:subject>west africa</dc:subject>
  <dc:type>Book</dc:type>
  <dc:format />
</oai_dc:dc>