<oai_dc:dc xmlns:oai_dc="http://www.openarchives.org/OAI/2.0/oai_dc/" xmlns:dc="http://purl.org/dc/elements/1.1/" xmlns:xsi="http://www.w3.org/2001/XMLSchema-instance" xsi:schemaLocation="http://www.openarchives.org/OAI/2.0/oai_dc/  http://www.openarchives.org/OAI/2.0/oai_dc.xsd">
  <dc:title>Farmers in the driver’s seat: Innovation in smallholder agriculture in Burundi, Ethiopia, Kenya and Rwanda</dc:title>
  <dc:creator>B. Wennink</dc:creator>
  <dc:creator>M. Mugoya</dc:creator>
  <dc:creator>L. Kimenye</dc:creator>
  <ISBN-Number xmlns="http://www.openarchives.org/OAI/2.0/">9789970484003</ISBN-Number>
  <Publisher xmlns="http://www.openarchives.org/OAI/2.0/">ASARECA and Royal Tropical Institute (KIT)</Publisher>
  <dc:date>Submitted</dc:date>
  <dc:language>eng</dc:language>
  <dc:subject>africa</dc:subject>
  <dc:subject>burundi</dc:subject>
  <dc:subject>cd</dc:subject>
  <dc:subject>cd organizational</dc:subject>
  <dc:subject>ethiopia</dc:subject>
  <dc:subject>kenya</dc:subject>
  <dc:subject>Rwanda</dc:subject>
  <dc:subject>smallholders</dc:subject>
  <dc:type>Book</dc:type>
  <dc:format />
</oai_dc:dc>