<oai_dc:dc xmlns:oai_dc="http://www.openarchives.org/OAI/2.0/oai_dc/" xmlns:dc="http://purl.org/dc/elements/1.1/" xmlns:xsi="http://www.w3.org/2001/XMLSchema-instance" xsi:schemaLocation="http://www.openarchives.org/OAI/2.0/oai_dc/  http://www.openarchives.org/OAI/2.0/oai_dc.xsd">
  <dc:title>Development in Practice Videos that speak for themselves: when non-extensionists show agricultural videos to large audiences</dc:title>
  <dc:creator>J. Bentley</dc:creator>
  <dc:creator>P. Van Mele</dc:creator>
  <dc:creator>F. Okry</dc:creator>
  <dc:creator>E. Zossou</dc:creator>
  <DOI xmlns="http://www.openarchives.org/OAI/2.0/">10.1080/09614524.2014.942216</DOI>
  <dc:source>Development in Practice</dc:source>
  <dc:date>2014</dc:date>
  <dc:language>eng</dc:language>
  <dc:subject>africa</dc:subject>
  <dc:subject>is extension</dc:subject>
  <dc:subject>knowledge and information sharing</dc:subject>
  <dc:subject>learning&amp;facilitation</dc:subject>
  <dc:type>Journal Article</dc:type>
  <dc:format>921–929</dc:format>
</oai_dc:dc>