<oai_dc:dc xmlns:oai_dc="http://www.openarchives.org/OAI/2.0/oai_dc/" xmlns:dc="http://purl.org/dc/elements/1.1/" xmlns:xsi="http://www.w3.org/2001/XMLSchema-instance" xsi:schemaLocation="http://www.openarchives.org/OAI/2.0/oai_dc/  http://www.openarchives.org/OAI/2.0/oai_dc.xsd">
  <dc:title>Extension, Poverty and Vulnerability: Final Report of a Study for the Neuchâtel Initiative</dc:title>
  <dc:creator>I. Christoplos</dc:creator>
  <dc:creator>J. Farrington</dc:creator>
  <dc:creator>aD. Kidd</dc:creator>
  <ISBN-Number xmlns="http://www.openarchives.org/OAI/2.0/">144</ISBN-Number>
  <Publisher xmlns="http://www.openarchives.org/OAI/2.0/">Overseas Development Institute (ODI)</Publisher>
  <dc:source>ODI Working Paper</dc:source>
  <dc:date>2002</dc:date>
  <dc:language>eng</dc:language>
  <dc:subject>africa</dc:subject>
  <dc:subject>Agricultural development</dc:subject>
  <dc:subject>asia</dc:subject>
  <dc:subject>bolivia</dc:subject>
  <dc:subject>Colombia</dc:subject>
  <dc:subject>extension services</dc:subject>
  <dc:subject>geographical cross cutting</dc:subject>
  <dc:subject>India</dc:subject>
  <dc:subject>innovation policies</dc:subject>
  <dc:subject>innovation systems</dc:subject>
  <dc:subject>is extension</dc:subject>
  <dc:subject>latin america</dc:subject>
  <dc:subject>livelihoods</dc:subject>
  <dc:subject>Nicaragua</dc:subject>
  <dc:subject>Poverty</dc:subject>
  <dc:subject>uganda</dc:subject>
  <dc:subject>vietnam</dc:subject>
  <dc:type>Unpublished</dc:type>
  <dc:format>61</dc:format>
</oai_dc:dc>