<oai_dc:dc xmlns:oai_dc="http://www.openarchives.org/OAI/2.0/oai_dc/" xmlns:dc="http://purl.org/dc/elements/1.1/" xmlns:xsi="http://www.w3.org/2001/XMLSchema-instance" xsi:schemaLocation="http://www.openarchives.org/OAI/2.0/oai_dc/  http://www.openarchives.org/OAI/2.0/oai_dc.xsd">
  <dc:title>Innovation and Growth: Rational for an Innovation Strategy</dc:title>
  <dc:creator />
  <Publisher xmlns="http://www.openarchives.org/OAI/2.0/">OECD</Publisher>
  <dc:date>2007</dc:date>
  <dc:description>&lt;p&gt;Discussion of general innovation issues and how they are affecting economic growth. Emphasis on how the advances in ICT; biotechnology and other fields of science are changing the innovation landscape and what are the implications for CD&lt;/p&gt;</dc:description>
  <dc:language>eng</dc:language>
  <dc:subject>ad&amp;case geographical cross cutting</dc:subject>
  <dc:subject>cd concept enhancing</dc:subject>
  <dc:subject>cd organizational environment</dc:subject>
  <dc:subject>cd system or policy</dc:subject>
  <dc:subject>innovation systems</dc:subject>
  <dc:subject>is market</dc:subject>
  <dc:type>Miscellaneous</dc:type>
  <dc:format />
</oai_dc:dc>