<oai_dc:dc xmlns:oai_dc="http://www.openarchives.org/OAI/2.0/oai_dc/" xmlns:dc="http://purl.org/dc/elements/1.1/" xmlns:xsi="http://www.w3.org/2001/XMLSchema-instance" xsi:schemaLocation="http://www.openarchives.org/OAI/2.0/oai_dc/  http://www.openarchives.org/OAI/2.0/oai_dc.xsd">
  <dc:title>Communicating Carbon Workshop, World Agroforestry Center (ICRAF), Nairobi</dc:title>
  <dc:creator />
  <Publisher xmlns="http://www.openarchives.org/OAI/2.0/">Climate Change Agriculture and Food Security</Publisher>
  <dc:date>2008</dc:date>
  <dc:language>eng</dc:language>
  <dc:subject>km</dc:subject>
  <dc:subject>km tools</dc:subject>
  <dc:subject>knowledge and information sharing</dc:subject>
  <dc:type>Conference Paper</dc:type>
  <dc:format>1–23</dc:format>
</oai_dc:dc>