<oai_dc:dc xmlns:oai_dc="http://www.openarchives.org/OAI/2.0/oai_dc/" xmlns:dc="http://purl.org/dc/elements/1.1/" xmlns:xsi="http://www.w3.org/2001/XMLSchema-instance" xsi:schemaLocation="http://www.openarchives.org/OAI/2.0/oai_dc/  http://www.openarchives.org/OAI/2.0/oai_dc.xsd">
  <dc:title>Use of practical examples from CABI, a science based organization, to illustrate how more impact may be gained from research based knowledge</dc:title>
  <dc:creator>D. Romney</dc:creator>
  <dc:creator>N. Efa</dc:creator>
  <dc:creator>D. Karanja</dc:creator>
  <dc:creator>C. Agwanda</dc:creator>
  <dc:creator>U. Kuhlman</dc:creator>
  <dc:creator>N. Phiri</dc:creator>
  <dc:creator>M. Kimani</dc:creator>
  <dc:creator>R. Musebe</dc:creator>
  <dc:creator>R. Day</dc:creator>
  <dc:creator>M. Grossrieder</dc:creator>
  <dc:creator>N. Jones</dc:creator>
  <dc:creator>H. Jones</dc:creator>
  <dc:creator>J. Fish</dc:creator>
  <dc:creator>E. Boa</dc:creator>
  <Publisher xmlns="http://www.openarchives.org/OAI/2.0/">CABI</Publisher>
  <dc:source>IAPS publication</dc:source>
  <dc:date>2010</dc:date>
  <dc:language>eng</dc:language>
  <dc:subject>case studies</dc:subject>
  <dc:subject>cd</dc:subject>
  <dc:subject>impact</dc:subject>
  <dc:subject>innovation capacity</dc:subject>
  <dc:subject>is research</dc:subject>
  <dc:subject>knowledge and information sharing</dc:subject>
  <dc:subject>research uptake</dc:subject>
  <dc:type>Miscellaneous</dc:type>
  <dc:format>4–7</dc:format>
</oai_dc:dc>