<oai_dc:dc xmlns:oai_dc="http://www.openarchives.org/OAI/2.0/oai_dc/" xmlns:dc="http://purl.org/dc/elements/1.1/" xmlns:xsi="http://www.w3.org/2001/XMLSchema-instance" xsi:schemaLocation="http://www.openarchives.org/OAI/2.0/oai_dc/  http://www.openarchives.org/OAI/2.0/oai_dc.xsd">
  <dc:title>Critical issues for reflection when designing and implementing Research for Development in Innovation Platforms</dc:title>
  <dc:creator>B. Boogaard</dc:creator>
  <dc:creator>M. Schut</dc:creator>
  <dc:creator>L. Klerkx</dc:creator>
  <dc:creator>C. Leeuwis</dc:creator>
  <dc:creator>A. Duncan</dc:creator>
  <dc:creator>B. Cullen</dc:creator>
  <Publisher xmlns="http://www.openarchives.org/OAI/2.0/">CGIAR Research Program on Integrated Systems for the Humid Tropics</Publisher>
  <dc:date>2013</dc:date>
  <dc:language>eng</dc:language>
  <dc:subject>africa</dc:subject>
  <dc:subject>innovation policies</dc:subject>
  <dc:subject>innovation systems</dc:subject>
  <dc:subject>is research</dc:subject>
  <dc:type>Miscellaneous</dc:type>
  <dc:format />
</oai_dc:dc>