<oai_dc:dc xmlns:oai_dc="http://www.openarchives.org/OAI/2.0/oai_dc/" xmlns:dc="http://purl.org/dc/elements/1.1/" xmlns:xsi="http://www.w3.org/2001/XMLSchema-instance" xsi:schemaLocation="http://www.openarchives.org/OAI/2.0/oai_dc/  http://www.openarchives.org/OAI/2.0/oai_dc.xsd">
  <dc:title>Capacity Building for Agricultural Research for Development</dc:title>
  <dc:creator />
  <ISBN-Number xmlns="http://www.openarchives.org/OAI/2.0/">9789280850000</ISBN-Number>
  <Publisher xmlns="http://www.openarchives.org/OAI/2.0/">Agrinatura</Publisher>
  <dc:date>2012</dc:date>
  <dc:language>eng</dc:language>
  <dc:subject>agricultural research</dc:subject>
  <dc:subject>cd</dc:subject>
  <dc:subject>is research</dc:subject>
  <dc:type>Miscellaneous</dc:type>
  <dc:format />
</oai_dc:dc>