<oai_dc:dc xmlns:oai_dc="http://www.openarchives.org/OAI/2.0/oai_dc/" xmlns:dc="http://purl.org/dc/elements/1.1/" xmlns:xsi="http://www.w3.org/2001/XMLSchema-instance" xsi:schemaLocation="http://www.openarchives.org/OAI/2.0/oai_dc/  http://www.openarchives.org/OAI/2.0/oai_dc.xsd">
  <dc:title>Knowledge Sharing for Change: Designing and Facilitating Learning Processes with a Transformational Impact</dc:title>
  <dc:creator>M. Steinlin</dc:creator>
  <dc:creator>C.Wildrig Jenkins</dc:creator>
  <Publisher xmlns="http://www.openarchives.org/OAI/2.0/">IndigeniousPeopleKnowledge Consultants CC</Publisher>
  <dc:date>2010</dc:date>
  <dc:language>eng</dc:language>
  <dc:subject>learning&amp;facilitation</dc:subject>
  <dc:type>Book</dc:type>
  <dc:format />
</oai_dc:dc>