<oai_dc:dc xmlns:oai_dc="http://www.openarchives.org/OAI/2.0/oai_dc/" xmlns:dc="http://purl.org/dc/elements/1.1/" xmlns:xsi="http://www.w3.org/2001/XMLSchema-instance" xsi:schemaLocation="http://www.openarchives.org/OAI/2.0/oai_dc/  http://www.openarchives.org/OAI/2.0/oai_dc.xsd">
  <dc:title>Strategic Approach to Enhancing Capacity Building</dc:title>
  <dc:creator />
  <DOI xmlns="http://www.openarchives.org/OAI/2.0/">10.1163/ej.9789004163300.i-1081</DOI>
  <ISBN-Number xmlns="http://www.openarchives.org/OAI/2.0/">9789004163300</ISBN-Number>
  <Publisher xmlns="http://www.openarchives.org/OAI/2.0/">Global Environment Facility (GEF)</Publisher>
  <dc:date>2003</dc:date>
  <dc:language>eng</dc:language>
  <dc:subject>cd</dc:subject>
  <dc:subject>cd tools</dc:subject>
  <dc:subject>m&amp;e</dc:subject>
  <dc:type>Unpublished</dc:type>
  <dc:format />
</oai_dc:dc>