<oai_dc:dc xmlns:oai_dc="http://www.openarchives.org/OAI/2.0/oai_dc/" xmlns:dc="http://purl.org/dc/elements/1.1/" xmlns:xsi="http://www.w3.org/2001/XMLSchema-instance" xsi:schemaLocation="http://www.openarchives.org/OAI/2.0/oai_dc/  http://www.openarchives.org/OAI/2.0/oai_dc.xsd">
  <dc:title>Building on local dynamics:</dc:title>
  <dc:creator />
  <Publisher xmlns="http://www.openarchives.org/OAI/2.0/">JOLISSA</Publisher>
  <dc:date>2013</dc:date>
  <dc:language>eng</dc:language>
  <dc:subject>ad&amp;case africa</dc:subject>
  <dc:subject>capacity building</dc:subject>
  <dc:subject>capacity building and development</dc:subject>
  <dc:subject>cd concept development</dc:subject>
  <dc:subject>cd tools</dc:subject>
  <dc:subject>innovation systems</dc:subject>
  <dc:subject>is knowledge and information sharing</dc:subject>
  <dc:type>Miscellaneous</dc:type>
  <dc:format>1–6</dc:format>
</oai_dc:dc>