<oai_dc:dc xmlns:oai_dc="http://www.openarchives.org/OAI/2.0/oai_dc/" xmlns:dc="http://purl.org/dc/elements/1.1/" xmlns:xsi="http://www.w3.org/2001/XMLSchema-instance" xsi:schemaLocation="http://www.openarchives.org/OAI/2.0/oai_dc/  http://www.openarchives.org/OAI/2.0/oai_dc.xsd">
  <dc:title>Embedding Research in Society: Development Assistance Options for Supporting Agricultural Innovation in a Global Knowledge Economy</dc:title>
  <dc:creator>H. Andy</dc:creator>
  <ISBN-Number xmlns="http://www.openarchives.org/OAI/2.0/">7349360274</ISBN-Number>
  <Publisher xmlns="http://www.openarchives.org/OAI/2.0/">United Nations University</Publisher>
  <dc:date>2009</dc:date>
  <dc:language>eng</dc:language>
  <dc:subject>cd</dc:subject>
  <dc:subject>global knowledge economy</dc:subject>
  <dc:subject>innovation policies</dc:subject>
  <dc:subject>innovations systems</dc:subject>
  <dc:subject>is research</dc:subject>
  <dc:subject>knowledge and learning</dc:subject>
  <dc:type>Unpublished</dc:type>
  <dc:format />
</oai_dc:dc>