<oai_dc:dc xmlns:oai_dc="http://www.openarchives.org/OAI/2.0/oai_dc/" xmlns:dc="http://purl.org/dc/elements/1.1/" xmlns:xsi="http://www.w3.org/2001/XMLSchema-instance" xsi:schemaLocation="http://www.openarchives.org/OAI/2.0/oai_dc/  http://www.openarchives.org/OAI/2.0/oai_dc.xsd">
  <dc:title>Agricultural Innovation Systems</dc:title>
  <dc:creator>B. Pound</dc:creator>
  <dc:creator>G. Essegbey</dc:creator>
  <Publisher xmlns="http://www.openarchives.org/OAI/2.0/">SCARDA</Publisher>
  <dc:date>2006</dc:date>
  <dc:description>&lt;p&gt;The paper sets out the general concepts and principles of the Agricultural Innovation Systems approach, and its application to agricultural research and development, particularly in sub-Saharan Africa&lt;/p&gt;</dc:description>
  <dc:language>eng</dc:language>
  <dc:subject>africa</dc:subject>
  <dc:subject>innovation systems</dc:subject>
  <dc:subject>is farmer organizations</dc:subject>
  <dc:subject>is ngos</dc:subject>
  <dc:type>Miscellaneous</dc:type>
  <dc:format />
</oai_dc:dc>