<oai_dc:dc xmlns:oai_dc="http://www.openarchives.org/OAI/2.0/oai_dc/" xmlns:dc="http://purl.org/dc/elements/1.1/" xmlns:xsi="http://www.w3.org/2001/XMLSchema-instance" xsi:schemaLocation="http://www.openarchives.org/OAI/2.0/oai_dc/  http://www.openarchives.org/OAI/2.0/oai_dc.xsd">
  <dc:title>Science and Technology in Civil Society Innovation Trajectory of Spirulina Algal Technology</dc:title>
  <dc:creator>S. Prasad</dc:creator>
  <dc:source>Econoic and Polical Weekly</dc:source>
  <dc:date>2005</dc:date>
  <dc:description>&lt;p&gt;Role of civil society in extension, Science in civil society, institutional transformation&lt;/p&gt;</dc:description>
  <dc:language>eng</dc:language>
  <dc:subject>innovation systems</dc:subject>
  <dc:subject>is asia</dc:subject>
  <dc:subject>is extension</dc:subject>
  <dc:subject>is india</dc:subject>
  <dc:subject>is research</dc:subject>
  <dc:type>Journal Article</dc:type>
  <dc:format>4363–4372</dc:format>
</oai_dc:dc>