<oai_dc:dc xmlns:oai_dc="http://www.openarchives.org/OAI/2.0/oai_dc/" xmlns:dc="http://purl.org/dc/elements/1.1/" xmlns:xsi="http://www.w3.org/2001/XMLSchema-instance" xsi:schemaLocation="http://www.openarchives.org/OAI/2.0/oai_dc/  http://www.openarchives.org/OAI/2.0/oai_dc.xsd">
  <dc:title>Do all roads lead to market? Learning from AGRA&amp;#039;s Market Access Programme</dc:title>
  <dc:creator>K. Emma</dc:creator>
  <dc:creator>K. Matieyedou</dc:creator>
  <dc:creator>W. Bertus</dc:creator>
  <dc:creator>W. Mariana</dc:creator>
  <DOI xmlns="http://www.openarchives.org/OAI/2.0/">10.1145/2505515.2505753</DOI>
  <ISBN-Number xmlns="http://www.openarchives.org/OAI/2.0/">9781450322638</ISBN-Number>
  <Publisher xmlns="http://www.openarchives.org/OAI/2.0/">Royal Tropical Institute (KIT) and Allicance for a Green Revolution in Africa (AGRA)</Publisher>
  <dc:date>2013</dc:date>
  <dc:language>eng</dc:language>
  <dc:subject>africa</dc:subject>
  <dc:subject>cd</dc:subject>
  <dc:subject>cd market</dc:subject>
  <dc:subject>ghana</dc:subject>
  <dc:subject>kenya</dc:subject>
  <dc:subject>malawi</dc:subject>
  <dc:subject>Mozambique</dc:subject>
  <dc:subject>Tanzania</dc:subject>
  <dc:subject>uganda</dc:subject>
  <dc:type>Book</dc:type>
  <dc:format />
</oai_dc:dc>