<oai_dc:dc xmlns:oai_dc="http://www.openarchives.org/OAI/2.0/oai_dc/" xmlns:dc="http://purl.org/dc/elements/1.1/" xmlns:xsi="http://www.w3.org/2001/XMLSchema-instance" xsi:schemaLocation="http://www.openarchives.org/OAI/2.0/oai_dc/  http://www.openarchives.org/OAI/2.0/oai_dc.xsd">
  <dc:title>Plantwise: Putting innovation systems principles into practice</dc:title>
  <dc:creator>D. Romney</dc:creator>
  <dc:creator>R. Day</dc:creator>
  <dc:creator>M. Faheem</dc:creator>
  <dc:creator>F. Cambria</dc:creator>
  <dc:creator>J. LaMontagne-Godwin</dc:creator>
  <dc:creator>E. Negussie</dc:creator>
  <Publisher xmlns="http://www.openarchives.org/OAI/2.0/">Tropical Agriculture Association (TAA)</Publisher>
  <dc:source>Agriculture for Development</dc:source>
  <dc:date>2013</dc:date>
  <dc:language>eng</dc:language>
  <dc:subject>cd</dc:subject>
  <dc:subject>cd individual</dc:subject>
  <dc:subject>innovation systems</dc:subject>
  <dc:subject>is extension</dc:subject>
  <dc:subject>small holders</dc:subject>
  <dc:type>Book Chapter</dc:type>
  <dc:format>27–31</dc:format>
</oai_dc:dc>