<oai_dc:dc xmlns:oai_dc="http://www.openarchives.org/OAI/2.0/oai_dc/" xmlns:dc="http://purl.org/dc/elements/1.1/" xmlns:xsi="http://www.w3.org/2001/XMLSchema-instance" xsi:schemaLocation="http://www.openarchives.org/OAI/2.0/oai_dc/  http://www.openarchives.org/OAI/2.0/oai_dc.xsd">
  <dc:title>The case of zero-tillage technology in Argentina</dc:title>
  <dc:creator>E. Trigo</dc:creator>
  <dc:creator>E. Cap</dc:creator>
  <dc:creator>V. Malach</dc:creator>
  <dc:creator>F. Villarreal</dc:creator>
  <Publisher xmlns="http://www.openarchives.org/OAI/2.0/">International Food Policy Research Institute</Publisher>
  <dc:source>IFPRI Discussion Paper</dc:source>
  <URL xmlns="http://www.openarchives.org/OAI/2.0/">&amp;lt;Go to ISI&amp;gt;://CABI:20103064681$backslash$nhttp://www.ifpri.org/sites/default/files/publications/ifpridp00915.pdf</URL>
  <dc:date>2009</dc:date>
  <dc:description>&lt;p&gt;Case study of no-till innovations in Argentina, includes an analysis of the factors and policies leading to its development and the main impacts (social and economic)&lt;/p&gt;</dc:description>
  <dc:language>eng</dc:language>
  <dc:subject>adoption</dc:subject>
  <dc:subject>America</dc:subject>
  <dc:subject>Argentina</dc:subject>
  <dc:subject>case studies</dc:subject>
  <dc:subject>consumer expenditure</dc:subject>
  <dc:subject>Developing Countries</dc:subject>
  <dc:subject>EE110Agricultural Economics</dc:subject>
  <dc:subject>EE720Consumer Economics</dc:subject>
  <dc:subject>EE950Income and</dc:subject>
  <dc:subject>farmers' income</dc:subject>
  <dc:subject>FF150Plant Cropping Systems</dc:subject>
  <dc:subject>innovation</dc:subject>
  <dc:subject>innovation systems</dc:subject>
  <dc:subject>is extension</dc:subject>
  <dc:subject>is farmer organization</dc:subject>
  <dc:subject>is research</dc:subject>
  <dc:subject>knowledge and information sharing</dc:subject>
  <dc:subject>Latin</dc:subject>
  <dc:subject>latin america</dc:subject>
  <dc:subject>no-tillage</dc:subject>
  <dc:subject>Poverty</dc:subject>
  <dc:subject>savings</dc:subject>
  <dc:subject>South America</dc:subject>
  <dc:subject>technology</dc:subject>
  <dc:subject>Threshold Countries</dc:subject>
  <dc:type>Unpublished</dc:type>
  <dc:format>v + 32 pp.</dc:format>
</oai_dc:dc>