<oai_dc:dc xmlns:oai_dc="http://www.openarchives.org/OAI/2.0/oai_dc/" xmlns:dc="http://purl.org/dc/elements/1.1/" xmlns:xsi="http://www.w3.org/2001/XMLSchema-instance" xsi:schemaLocation="http://www.openarchives.org/OAI/2.0/oai_dc/  http://www.openarchives.org/OAI/2.0/oai_dc.xsd">
  <dc:title>Measuring Agricultural Innovation System Properties and Performance: Illustrations from Ethiopia and Vietnam</dc:title>
  <dc:creator>D. Spielman</dc:creator>
  <dc:creator>D. Kelemework</dc:creator>
  <Publisher xmlns="http://www.openarchives.org/OAI/2.0/">International Food Policy Research Institute (IFPRI)</Publisher>
  <dc:date>2009</dc:date>
  <dc:description>&lt;p&gt;The rapidly changing nature of the global food and agriculture system suggests the need to rethink how innovation can contribute to developing-country agriculture. While scientific and technological changes in agriculture can help foster productivity growth and poverty reduction, their contributions are incomplete without commensurate changes in the wider system of which they are a part. A more systems- oriented understanding of how innovation occurs in a society and economy is critical to promoting dynamism, responsiveness, and competitiveness in developing-country agriculture and, ultimately, to enhancing productivity and reducing poverty. However, without adequate measures of the properties and performance of an agricultural innovation system, it is difficult for policymakers, investors, donors, and practitioners to promote policies and investments that foster greater innovativeness in agriculture. This suggests the need for a measure of agricultural innovativeness that preferably extends beyond the “black box” approach of measuring only inputs and outputs, focusing on the underlying processes that contribute to building the capabilities needed to create an innovative agricultural sector. To this end, this paper attempts to provide a “proof of concept” that innovativeness in developing-country agriculture can be measured. It first identifies a set of indicators from secondary data sources that measure the key elements of an agricultural innovation system. Several hundred indicators are reviewed, validated, and aggregated into a unique Agriculture, Development, and Innovation Index (ADII). The paper then provides a toolkit for collecting and analyzing “systems-oriented” indicators that add more process-related nuances to the ADII with both attributional and relational data. This is illustrated with data collected in Ethiopia and Vietnam in 2007–08.&lt;/p&gt;</dc:description>
  <dc:language>eng</dc:language>
  <dc:subject>africa</dc:subject>
  <dc:subject>Agriculture</dc:subject>
  <dc:subject>asia</dc:subject>
  <dc:subject>Developing Countries</dc:subject>
  <dc:subject>ethiopia</dc:subject>
  <dc:subject>geographical cross cutting</dc:subject>
  <dc:subject>innovation</dc:subject>
  <dc:subject>innovation systems</dc:subject>
  <dc:subject>m&amp;e</dc:subject>
  <dc:subject>Science and technology</dc:subject>
  <dc:subject>vietnam</dc:subject>
  <dc:type>Unpublished</dc:type>
  <dc:format>1–59</dc:format>
</oai_dc:dc>