<oai_dc:dc xmlns:oai_dc="http://www.openarchives.org/OAI/2.0/oai_dc/" xmlns:dc="http://purl.org/dc/elements/1.1/" xmlns:xsi="http://www.w3.org/2001/XMLSchema-instance" xsi:schemaLocation="http://www.openarchives.org/OAI/2.0/oai_dc/  http://www.openarchives.org/OAI/2.0/oai_dc.xsd">
  <dc:title>Total Factor Productivity Growth in Agriculture: The Role of Technological Capital</dc:title>
  <dc:creator>A. Flavio</dc:creator>
  <dc:creator>D. Avila</dc:creator>
  <DOI xmlns="http://www.openarchives.org/OAI/2.0/">10.1016/S1574-0072(09)04012-2</DOI>
  <ISBN-Number xmlns="http://www.openarchives.org/OAI/2.0/">9780444518743</ISBN-Number>
  <Publisher xmlns="http://www.openarchives.org/OAI/2.0/">Academic Press</Publisher>
  <dc:source>Handbook of Agricultural Economics</dc:source>
  <URL xmlns="http://www.openarchives.org/OAI/2.0/">http://dx.doi.org/10.1016/S1574-0072(09)04012-2</URL>
  <dc:date>2010</dc:date>
  <dc:language>eng</dc:language>
  <dc:subject>m&amp;e</dc:subject>
  <dc:subject>m&amp;e tools</dc:subject>
  <dc:type>Book Chapter</dc:type>
  <dc:format>3769–3822</dc:format>
</oai_dc:dc>