<oai_dc:dc xmlns:oai_dc="http://www.openarchives.org/OAI/2.0/oai_dc/" xmlns:dc="http://purl.org/dc/elements/1.1/" xmlns:xsi="http://www.w3.org/2001/XMLSchema-instance" xsi:schemaLocation="http://www.openarchives.org/OAI/2.0/oai_dc/  http://www.openarchives.org/OAI/2.0/oai_dc.xsd">
  <dc:title>Syntesis report of the evaluation of Dutch support to capacity development: Facilitating resourcefulness</dc:title>
  <dc:creator />
  <Publisher xmlns="http://www.openarchives.org/OAI/2.0/">Ministry of Foreign Affairs of the Netherlands</Publisher>
  <URL xmlns="http://www.openarchives.org/OAI/2.0/">about:blank</URL>
  <dc:date>2011</dc:date>
  <dc:language>eng</dc:language>
  <dc:subject>cd</dc:subject>
  <dc:subject>m&amp;e</dc:subject>
  <dc:subject>m&amp;e impact assessment</dc:subject>
  <dc:type>Miscellaneous</dc:type>
  <dc:format />
</oai_dc:dc>