<oai_dc:dc xmlns:oai_dc="http://www.openarchives.org/OAI/2.0/oai_dc/" xmlns:dc="http://purl.org/dc/elements/1.1/" xmlns:xsi="http://www.w3.org/2001/XMLSchema-instance" xsi:schemaLocation="http://www.openarchives.org/OAI/2.0/oai_dc/  http://www.openarchives.org/OAI/2.0/oai_dc.xsd">
  <dc:title>Innovation and scaling of ICT for the bottom-of-the-pyramid</dc:title>
  <dc:creator>C. Foster</dc:creator>
  <dc:creator>R. Heeks</dc:creator>
  <DOI xmlns="http://www.openarchives.org/OAI/2.0/">10.1057/jit.2013.19</DOI>
  <ISBN-Number xmlns="http://www.openarchives.org/OAI/2.0/">0268-3962</ISBN-Number>
  <Publisher xmlns="http://www.openarchives.org/OAI/2.0/">Nature Publishing Group</Publisher>
  <dc:source>Journal of Information Technology</dc:source>
  <URL xmlns="http://www.openarchives.org/OAI/2.0/">http://dx.doi.org/10.1057/jit.2013.19</URL>
  <dc:date>2013</dc:date>
  <dc:description>&lt;p&gt;Scaling represents successful diffusion that ensures sizeable impact and earnings from information and communication technology (ICI) innovations in emerging markets. Practice can still be shaped by dualistic views-innovation vs diffusion, pilot vs scale-up, lead firm vs other actors, technical vs social. Synthesising the literature that challenges these dualities, this paper creates a systemic perspective that is particularly appropriate for scaling of ICT to bottom-of-the-pyramid (BoP) markets. That perspective is then instantiated through the case study of a successfully-scaled ICT innovation that has reached millions of poor consumers: the Kenyan m-money system, M-Pesa. It finds that scaling of this ICT system can be understood as a four-stage process of exploratory, incremental then aggressive growth, followed by (attempted) standardisation. Throughout these stages of scaling, ongoing adaptive innovations have been fundamental and have been both necessitated and shaped by the BoP context. These innovations have been more socio-technical than technical, and have emerged from a growing variety of actors and locations closer to poor consumers than the lead firm. The lead firm has buffered the unfamiliarity of BoP markets by approaching them through the 'middle-of-the-pyramid' and by intensive learning. At times, its planned 'shifts' in scaling strategy have triggered adaptive innovations. At other times, emergent innovations and learning lead to incremental 'drifts' in lead firm strategy. ICT firms wishing to scale goods and services for BoP markets must therefore recognise the multi-locational, continuous, and emergent nature of innovation, and develop processes to monitor and address those innovations.&lt;/p&gt;</dc:description>
  <dc:language>eng</dc:language>
  <dc:subject>bottom-of-the-pyramid</dc:subject>
  <dc:subject>innovation</dc:subject>
  <dc:subject>km</dc:subject>
  <dc:subject>knowledge and information sharing</dc:subject>
  <dc:subject>m-banking</dc:subject>
  <dc:subject>m-money</dc:subject>
  <dc:subject>scaling</dc:subject>
  <dc:type>Journal Article</dc:type>
  <dc:format>296–315</dc:format>
</oai_dc:dc>