<oai_dc:dc xmlns:oai_dc="http://www.openarchives.org/OAI/2.0/oai_dc/" xmlns:dc="http://purl.org/dc/elements/1.1/" xmlns:xsi="http://www.w3.org/2001/XMLSchema-instance" xsi:schemaLocation="http://www.openarchives.org/OAI/2.0/oai_dc/  http://www.openarchives.org/OAI/2.0/oai_dc.xsd">
  <dc:title>Challenges to strenghtening Agricultural Innovation Systems: Where do we go from here?</dc:title>
  <dc:creator>A. Hall</dc:creator>
  <Publisher xmlns="http://www.openarchives.org/OAI/2.0/">Institute of Development Studies</Publisher>
  <URL xmlns="http://www.openarchives.org/OAI/2.0/">http://www.merit.unu.edu/publications/wppdf/2007/wp2007-038.pdf</URL>
  <dc:date>2007</dc:date>
  <dc:description>&lt;p&gt;This paper was prepared to present at the Farmer First Revisited: 20 Years On conference at IDS, University of Sussex, UK, December 2007. Its focus is the challenge of strengthening agricultural innovation systems. The paper prefaces this discussion by reflecting on an apparent paradox. While agricultural innovation has never been better studied and understood, many of our ideas about innovation have failed to fundamentally change the institutional and policy setting of public and private investment intended to promote innovation for development. The paper asks "students of innovation" why a virtual spiral of innovation practice and policy learning hasn't emerged. The paper then locates the current interest in innovation systems in the evolving and contested approaches to agricultural development, noting that this is characterised by a long history of false dichotomies. The contingencies of the emerging agricultural scenario will demand the more networked modes of collective intelligence and innovation that are embodied in the innovation systems concept. The paper argues, however, that the innovation systems idea should be view as a metaphor for innovation diversity, rather than another competing innovation narrative. The way forward, it is suggested, is to create a united front of different collective intelligence-based innovation narratives to kick-start the virtuous spiral of innovation practice and policy learning. This is needed to strengthen agricultural innovation systems and so achieve developmental goals. The paper argues that it is the responsibly of all us "students of innovation" to argue for this space for diversity to flourish and to help consolidate and promote what is known about agricultural innovation. If we aren't more successful in stimulating institutional and policy change we will still be debating these issues 20 years hence.&lt;/p&gt;</dc:description>
  <dc:language>eng</dc:language>
  <dc:subject>agricultural innovation systems</dc:subject>
  <dc:subject>agricultural innovation systems with</dc:subject>
  <dc:subject>cd</dc:subject>
  <dc:subject>cd institutional</dc:subject>
  <dc:subject>collective intelligence</dc:subject>
  <dc:subject>for diversity</dc:subject>
  <dc:subject>here</dc:subject>
  <dc:subject>i would like to</dc:subject>
  <dc:subject>innovation narratives</dc:subject>
  <dc:subject>innovation policies</dc:subject>
  <dc:subject>innovation systems</dc:subject>
  <dc:subject>institutional and policy change</dc:subject>
  <dc:subject>introduction</dc:subject>
  <dc:subject>knowledge and learning</dc:subject>
  <dc:subject>preface this paper on</dc:subject>
  <dc:subject>self-reflection</dc:subject>
  <dc:subject>some reflection on the</dc:subject>
  <dc:subject>space</dc:subject>
  <dc:subject>why are we still</dc:subject>
  <dc:type>Unpublished</dc:type>
  <dc:format />
</oai_dc:dc>