<oai_dc:dc xmlns:oai_dc="http://www.openarchives.org/OAI/2.0/oai_dc/" xmlns:dc="http://purl.org/dc/elements/1.1/" xmlns:xsi="http://www.w3.org/2001/XMLSchema-instance" xsi:schemaLocation="http://www.openarchives.org/OAI/2.0/oai_dc/  http://www.openarchives.org/OAI/2.0/oai_dc.xsd">
  <dc:title>Approaches for setting-up multi-stakeholder platforms for agricultural research and development</dc:title>
  <dc:creator>A. A.A.</dc:creator>
  <dc:creator>F. A.O.</dc:creator>
  <dc:source>World Applied Sciences Journal</dc:source>
  <dc:date>2012</dc:date>
  <dc:language>eng</dc:language>
  <dc:subject>Agricultural development</dc:subject>
  <dc:subject>Agricultural systems</dc:subject>
  <dc:subject>cd</dc:subject>
  <dc:subject>cd tools</dc:subject>
  <dc:subject>IAR4D</dc:subject>
  <dc:subject>innovation platform</dc:subject>
  <dc:subject>Innovation system approach</dc:subject>
  <dc:subject>innovation systems</dc:subject>
  <dc:subject>is research</dc:subject>
  <dc:subject>knowledge and learning</dc:subject>
  <dc:subject>multi-stakeholders</dc:subject>
  <dc:subject>Multistakeholders platforms</dc:subject>
  <dc:type>Journal Article</dc:type>
  <dc:format>981–988</dc:format>
</oai_dc:dc>