<oai_dc:dc xmlns:oai_dc="http://www.openarchives.org/OAI/2.0/oai_dc/" xmlns:dc="http://purl.org/dc/elements/1.1/" xmlns:xsi="http://www.w3.org/2001/XMLSchema-instance" xsi:schemaLocation="http://www.openarchives.org/OAI/2.0/oai_dc/  http://www.openarchives.org/OAI/2.0/oai_dc.xsd">
  <dc:creator>A.A. Adewale</dc:creator>
  <dc:creator>O.A. Oluwole</dc:creator>
  <dc:creator>R. Buruchara</dc:creator>
  <dc:creator>S. Nyamwaro</dc:creator>
  <dc:date>Submitted</dc:date>
  <dc:description>&lt;p&gt;This publication presents a synthesis of methods and lessons learnt in the implementation of the Integrated Agricultural Research for Development (IAR4D) concept within the Sub-Saharan Africa Challenge Program (SSA CP). It relates lessons learnt and impact gained from the program between 2005 to 2010.The IAR4D concept utilizes the principles of innovation systems approach to foster significant changes in agriculture through wholesome engagement of stakeholders in useful partnership, market integration and participatory innovation along technological, institutional and infrastructural realm.&lt;/p&gt;</dc:description>
  <dc:language>eng</dc:language>
  <dc:type>Miscellaneous</dc:type>
  <dc:format />
</oai_dc:dc>