<oai_dc:dc xmlns:oai_dc="http://www.openarchives.org/OAI/2.0/oai_dc/" xmlns:dc="http://purl.org/dc/elements/1.1/" xmlns:xsi="http://www.w3.org/2001/XMLSchema-instance" xsi:schemaLocation="http://www.openarchives.org/OAI/2.0/oai_dc/  http://www.openarchives.org/OAI/2.0/oai_dc.xsd">
  <dc:title>Against the Grain and to the Roots</dc:title>
  <dc:creator>S. Sanyang</dc:creator>
  <dc:creator>R. Ryburn</dc:creator>
  <dc:creator>R. Mur</dc:creator>
  <Publisher xmlns="http://www.openarchives.org/OAI/2.0/">Royal Tropical Institute (KIT)</Publisher>
  <dc:date>2014</dc:date>
  <dc:description>&lt;p&gt;The book includes a significant discussion in the role of innovation platforms and how they relate to IAR4D and the innovation system perspective, with treatment both at the theoretical and case study level (Africa)&lt;/p&gt;</dc:description>
  <dc:language>eng</dc:language>
  <dc:subject>ad&amp;case africa</dc:subject>
  <dc:subject>cd africa</dc:subject>
  <dc:subject>cd level organizational or environment</dc:subject>
  <dc:subject>cd level system or policy</dc:subject>
  <dc:subject>innovation platforms</dc:subject>
  <dc:subject>innovation systems</dc:subject>
  <dc:subject>is africa</dc:subject>
  <dc:subject>si learning and knowledge</dc:subject>
  <dc:type>Book</dc:type>
  <dc:format />
</oai_dc:dc>