<oai_dc:dc xmlns:oai_dc="http://www.openarchives.org/OAI/2.0/oai_dc/" xmlns:dc="http://purl.org/dc/elements/1.1/" xmlns:xsi="http://www.w3.org/2001/XMLSchema-instance" xsi:schemaLocation="http://www.openarchives.org/OAI/2.0/oai_dc/  http://www.openarchives.org/OAI/2.0/oai_dc.xsd">
  <dc:title>Institutional learning and change: a review of concepts and principles</dc:title>
  <dc:creator>A. Hall</dc:creator>
  <dc:creator>R. Raina</dc:creator>
  <dc:creator>R.Sulaiman V</dc:creator>
  <dc:creator>N. Clark</dc:creator>
  <dc:creator>S. Prasad</dc:creator>
  <dc:creator>G. Naik</dc:creator>
  <Publisher xmlns="http://www.openarchives.org/OAI/2.0/">National Centre for Agricultural Economics and Policy Research (NCAP)</Publisher>
  <dc:date>2005</dc:date>
  <dc:language>eng</dc:language>
  <dc:subject>m&amp;e</dc:subject>
  <dc:subject>m&amp;e approach</dc:subject>
  <dc:subject>m&amp;e asia</dc:subject>
  <dc:subject>m&amp;e tools. india</dc:subject>
  <dc:type>Miscellaneous</dc:type>
  <dc:format />
</oai_dc:dc>