<oai_dc:dc xmlns:oai_dc="http://www.openarchives.org/OAI/2.0/oai_dc/" xmlns:dc="http://purl.org/dc/elements/1.1/" xmlns:xsi="http://www.w3.org/2001/XMLSchema-instance" xsi:schemaLocation="http://www.openarchives.org/OAI/2.0/oai_dc/  http://www.openarchives.org/OAI/2.0/oai_dc.xsd">
  <dc:title>Operational Field Guide for Developing and Managing Local Agricultural Innovation Platforms</dc:title>
  <dc:creator>F. Makini</dc:creator>
  <dc:creator>G. Kamau</dc:creator>
  <dc:creator>M. Makelo</dc:creator>
  <dc:creator>W. Adekunle</dc:creator>
  <dc:creator>G. Mburathi</dc:creator>
  <dc:creator>M. Misiko</dc:creator>
  <dc:creator>P. Pali</dc:creator>
  <dc:creator>J. Dixon</dc:creator>
  <ISBN-Number xmlns="http://www.openarchives.org/OAI/2.0/">9789966300041</ISBN-Number>
  <Publisher xmlns="http://www.openarchives.org/OAI/2.0/">Australian Center for International Agricultural Research</Publisher>
  <dc:date>2013</dc:date>
  <dc:description>&lt;p&gt;Document aimed for discussion and learning about innovation platforms (InPs). It has been informed by experiences and lessons from the existing agricultural innovation platforms in Southern, Eastern and Western Africa.&lt;/p&gt;</dc:description>
  <dc:language>eng</dc:language>
  <dc:subject>ad&amp;case africa</dc:subject>
  <dc:subject>africa</dc:subject>
  <dc:subject>capacity building</dc:subject>
  <dc:subject>cd learning and knowledge</dc:subject>
  <dc:subject>cd tools</dc:subject>
  <dc:subject>is</dc:subject>
  <dc:subject>is africa</dc:subject>
  <dc:subject>is learning and knowledge</dc:subject>
  <dc:type>Book</dc:type>
  <dc:format>1–92</dc:format>
</oai_dc:dc>