<oai_dc:dc xmlns:oai_dc="http://www.openarchives.org/OAI/2.0/oai_dc/" xmlns:dc="http://purl.org/dc/elements/1.1/" xmlns:xsi="http://www.w3.org/2001/XMLSchema-instance" xsi:schemaLocation="http://www.openarchives.org/OAI/2.0/oai_dc/  http://www.openarchives.org/OAI/2.0/oai_dc.xsd">
  <dc:title>Facilitating Agricultural Innovation Systems: A critical realist approach</dc:title>
  <dc:creator>A. Koutsouris</dc:creator>
  <DOI xmlns="http://www.openarchives.org/OAI/2.0/">10.7896/j.1210</DOI>
  <dc:source>Studies in Agricultural Economics</dc:source>
  <dc:date>2012</dc:date>
  <dc:description>&lt;p&gt;The turn of agrarian sciences and agricultural extension from reductionist and transfer of technology, respectively, towards systemic approaches has transformed agricultural/rural development thinking in the last decades. Nevertheless, the emergence of Agricultural Innovation Systems (AIS) has to confront a number of gaps among which the expert – lay knowledge gap is of major importance. This paper aims at exploring such a gap as well as obstacles to participatory development from a critical realist point of view. Critical realism (CR) with its realist, differentiated and stratifi ed ontology aims at interpreting the world in order to ultimately bring about transformation. CR allows for new insights on the nature of knowledge as well as on development research and practice. It thus provides useful guidelines concerning the emerging ‘intermediation’ functions within AIS.&lt;/p&gt;</dc:description>
  <dc:language>eng</dc:language>
  <dc:subject>11855 athinai</dc:subject>
  <dc:subject>75 iera odos</dc:subject>
  <dc:subject>agricultural innovation systems</dc:subject>
  <dc:subject>agricultural university of athens</dc:subject>
  <dc:subject>aua</dc:subject>
  <dc:subject>critical realism</dc:subject>
  <dc:subject>facilitation</dc:subject>
  <dc:subject>gr</dc:subject>
  <dc:subject>greece</dc:subject>
  <dc:subject>innovation systems</dc:subject>
  <dc:subject>intermediation</dc:subject>
  <dc:subject>Knowledge</dc:subject>
  <dc:subject>koutsouris</dc:subject>
  <dc:subject>learning&amp;facilitation</dc:subject>
  <dc:subject>lf facilitator</dc:subject>
  <dc:subject>participation</dc:subject>
  <dc:type>Journal Article</dc:type>
  <dc:format>64–70</dc:format>
</oai_dc:dc>