<oai_dc:dc xmlns:oai_dc="http://www.openarchives.org/OAI/2.0/oai_dc/" xmlns:dc="http://purl.org/dc/elements/1.1/" xmlns:xsi="http://www.w3.org/2001/XMLSchema-instance" xsi:schemaLocation="http://www.openarchives.org/OAI/2.0/oai_dc/  http://www.openarchives.org/OAI/2.0/oai_dc.xsd">
  <dc:title>Report of the ‘integrating gender into agricultural programs ’ workshop , Addis Ababa , 18-20 August 2014</dc:title>
  <dc:creator>K. Colverson</dc:creator>
  <dc:creator>A. Mulema</dc:creator>
  <dc:creator>E. Tesema</dc:creator>
  <Publisher xmlns="http://www.openarchives.org/OAI/2.0/">International Livestock Research Institute (ILRI)</Publisher>
  <dc:date>2014</dc:date>
  <dc:language>eng</dc:language>
  <dc:subject>africa</dc:subject>
  <dc:subject>cd</dc:subject>
  <dc:subject>cd gender</dc:subject>
  <dc:subject>gender equality</dc:subject>
  <dc:type>Miscellaneous</dc:type>
  <dc:format>18–20</dc:format>
</oai_dc:dc>