<oai_dc:dc xmlns:oai_dc="http://www.openarchives.org/OAI/2.0/oai_dc/" xmlns:dc="http://purl.org/dc/elements/1.1/" xmlns:xsi="http://www.w3.org/2001/XMLSchema-instance" xsi:schemaLocation="http://www.openarchives.org/OAI/2.0/oai_dc/  http://www.openarchives.org/OAI/2.0/oai_dc.xsd">
  <dc:title>Multiple water use as an approach for increased basin productivity and improved adaptation: a case study from Bangladesh</dc:title>
  <dc:creator>N. Nagabhatla</dc:creator>
  <dc:creator>M. Beveridge</dc:creator>
  <dc:creator>a.B.M.Mahfu Haque</dc:creator>
  <dc:creator>S. Nguyen-Khoa</dc:creator>
  <dc:creator>M. Van Brakel</dc:creator>
  <DOI xmlns="http://www.openarchives.org/OAI/2.0/">10.1080/15715124.2012.664551</DOI>
  <ISBN-Number xmlns="http://www.openarchives.org/OAI/2.0/">1571-5124, 1571-5124</ISBN-Number>
  <dc:source>International Journal of River Basin Management</dc:source>
  <dc:date>2012</dc:date>
  <dc:description>&lt;p&gt;This study, supported by the Challenge ProgramWater and Food (CPWF-Project 35), demonstrates the case of multiple-use of water through seasonal aquaculture interventions for improved rice–fish production systems in the Bangladesh floodplains. The project focused on community-based fish culture initiatives, increasingly adopted in the agro-ecological zones of the major floodplains of the Padma, Testa, and Brahmaputra basin. The productivity of water and fish is used as an indicator to explain this case.We hypothesize that seasonal aquaculture supported by the management of floodplains for multiple-use of water can significantly increase the productivity of rice–fish systems. Recognizing the need for innovative ways to manage human-dominated landscapes and climate-sensitive ecosystems such as floodplains, we have analysed seasonal aquaculture interventions along with local adaptation of water management strategies, including the consideration of groundwater mechanisms. The results, supported by quantitative analysis and qualitative arguments, demonstrate the significant contribution of seasonal aquaculture in improving the rice–fish production systems of the selected floodplain sites. This was achieved through the increased productivity of water and fish and the reduction of the risk posed by arsenic contamination. The study is also illustrative of the diversification in livelihood-generating activities to cope with the extended period of flooding cycle in the region. We highlight the value of multiple resource-use approaches to enhance the social and ecological resilience of floodplains, and the need to re-consider basin water management options to recognize the water requirements of other sources of food such as fish produced by capture fisheries and aquaculture.&lt;/p&gt;</dc:description>
  <dc:language>eng</dc:language>
  <dc:subject>banglades</dc:subject>
  <dc:subject>south asia</dc:subject>
  <dc:type>Journal Article</dc:type>
  <dc:format>121–136</dc:format>
</oai_dc:dc>