<oai_dc:dc xmlns:oai_dc="http://www.openarchives.org/OAI/2.0/oai_dc/" xmlns:dc="http://purl.org/dc/elements/1.1/" xmlns:xsi="http://www.w3.org/2001/XMLSchema-instance" xsi:schemaLocation="http://www.openarchives.org/OAI/2.0/oai_dc/  http://www.openarchives.org/OAI/2.0/oai_dc.xsd">
  <dc:title>Empowering Communities through Participatory Monitoring and Evaluation in Tororo district</dc:title>
  <dc:creator>P.N. Pali</dc:creator>
  <dc:creator />
  <dc:creator>S. Kaaria</dc:creator>
  <dc:creator>P. Sangina</dc:creator>
  <Publisher xmlns="http://www.openarchives.org/OAI/2.0/">African Crop Science Society</Publisher>
  <dc:source>African Crop Science Society Journal</dc:source>
  <dc:date>2005</dc:date>
  <dc:language>eng</dc:language>
  <dc:subject>appuie sur la capacité</dc:subject>
  <dc:subject>aux utilisateurs de la</dc:subject>
  <dc:subject>de base donne plein</dc:subject>
  <dc:subject>de la</dc:subject>
  <dc:subject>des agriculteurs à améliorer</dc:subject>
  <dc:subject>en même temps donne</dc:subject>
  <dc:subject>est centré sur les</dc:subject>
  <dc:subject>evaluation</dc:subject>
  <dc:subject>évaluation et de suivie</dc:subject>
  <dc:subject>expérience des fermiers de</dc:subject>
  <dc:subject>il s</dc:subject>
  <dc:subject>indicators</dc:subject>
  <dc:subject>individus</dc:subject>
  <dc:subject>instrument de l</dc:subject>
  <dc:subject>katamita dans le</dc:subject>
  <dc:subject>l</dc:subject>
  <dc:subject>leur condition de vie</dc:subject>
  <dc:subject>m&amp;e</dc:subject>
  <dc:subject>m&amp;e africa</dc:subject>
  <dc:subject>m&amp;e participatory</dc:subject>
  <dc:subject>m&amp;e tools</dc:subject>
  <dc:subject>même si le processus</dc:subject>
  <dc:subject>monitoring</dc:subject>
  <dc:subject>monitoring committee</dc:subject>
  <dc:subject>participative par la communauté</dc:subject>
  <dc:subject>participatory</dc:subject>
  <dc:subject>population locale</dc:subject>
  <dc:subject>pouvoir aux communautés</dc:subject>
  <dc:subject>reflection</dc:subject>
  <dc:subject>résumé l</dc:subject>
  <dc:subject>small holders</dc:subject>
  <dc:subject>technologie une voix</dc:subject>
  <dc:subject>tools</dc:subject>
  <dc:type>Journal Article</dc:type>
  <dc:format>983–989</dc:format>
</oai_dc:dc>