<oai_dc:dc xmlns:oai_dc="http://www.openarchives.org/OAI/2.0/oai_dc/" xmlns:dc="http://purl.org/dc/elements/1.1/" xmlns:xsi="http://www.w3.org/2001/XMLSchema-instance" xsi:schemaLocation="http://www.openarchives.org/OAI/2.0/oai_dc/  http://www.openarchives.org/OAI/2.0/oai_dc.xsd">
  <dc:title>Reflection methods: Tools to make learning more explicit</dc:title>
  <dc:creator>F. Gordijn</dc:creator>
  <dc:creator>J. Helder</dc:creator>
  <dc:creator>N. Eernstman</dc:creator>
  <ISBN-Number xmlns="http://www.openarchives.org/OAI/2.0/">9789461734037</ISBN-Number>
  <Publisher xmlns="http://www.openarchives.org/OAI/2.0/">Centre for Development Innovation, Wageningen UR</Publisher>
  <dc:date>2012</dc:date>
  <dc:language>eng</dc:language>
  <dc:subject>l&amp;f tools</dc:subject>
  <dc:subject>learning&amp;facilitation</dc:subject>
  <dc:type>Book</dc:type>
  <dc:format>62</dc:format>
</oai_dc:dc>