<oai_dc:dc xmlns:oai_dc="http://www.openarchives.org/OAI/2.0/oai_dc/" xmlns:dc="http://purl.org/dc/elements/1.1/" xmlns:xsi="http://www.w3.org/2001/XMLSchema-instance" xsi:schemaLocation="http://www.openarchives.org/OAI/2.0/oai_dc/  http://www.openarchives.org/OAI/2.0/oai_dc.xsd">
  <dc:title>Strengthening Rural Livelihoods</dc:title>
  <dc:creator>D.J. Grimshaw</dc:creator>
  <dc:creator>S. Kala</dc:creator>
  <Publisher xmlns="http://www.openarchives.org/OAI/2.0/">International Development Research Centre</Publisher>
  <dc:date>2011</dc:date>
  <dc:language>eng</dc:language>
  <dc:subject>knowledge and information sharing</dc:subject>
  <dc:subject>m&amp;e impact study</dc:subject>
  <dc:type>Book</dc:type>
  <dc:format />
</oai_dc:dc>