<oai_dc:dc xmlns:oai_dc="http://www.openarchives.org/OAI/2.0/oai_dc/" xmlns:dc="http://purl.org/dc/elements/1.1/" xmlns:xsi="http://www.w3.org/2001/XMLSchema-instance" xsi:schemaLocation="http://www.openarchives.org/OAI/2.0/oai_dc/  http://www.openarchives.org/OAI/2.0/oai_dc.xsd">
  <dc:title>Social learning in regional innovation networks: Trust, commitment and reframing as emergent properties of interaction</dc:title>
  <dc:creator>J. Sol</dc:creator>
  <dc:creator>P.J. Beers</dc:creator>
  <dc:creator>A.E.J. Wals</dc:creator>
  <DOI xmlns="http://www.openarchives.org/OAI/2.0/">10.1016/j.jclepro.2012.07.041</DOI>
  <ISBN-Number xmlns="http://www.openarchives.org/OAI/2.0/">0959-6526</ISBN-Number>
  <Publisher xmlns="http://www.openarchives.org/OAI/2.0/">Elsevier Ltd</Publisher>
  <dc:source>Journal of Cleaner Production</dc:source>
  <URL xmlns="http://www.openarchives.org/OAI/2.0/">http://dx.doi.org/10.1016/j.jclepro.2012.07.041</URL>
  <dc:date>2013</dc:date>
  <dc:description>&lt;p&gt;Social learning in multi-actor innovation networks is increasingly considered an important precondition for addressing sustainability in regional development contexts. Social learning is seen as a means for enabling stakeholders to take advantage of the diversity in perspectives, interests and values for generating more sustainable practices and policies. Although more and more research is done on the meaning and manifestations of social learning, particularly in the context of natural resource management, little is known about the social dynamics in the process of social learning. In this contribution an integrated hypothetical framework that provides a better understanding of social learning as a generative process with outcomes is presented. This hypothetical framework is grounded theoretically in emergent social learning theory and empirically in a retrospective case study around multi-stakeholder sustainability- oriented regional learning in the North of The Netherlands. Our findings indicate that trust, commitment and reframing are interrelated aspects and emergent properties of interaction in the process of social learning. Hence, the framework presented reflects social learning as a dynamic process, in which trust, commitment and reframing are continuously produced and reproduced through the (inter)actions of the individual actors. ?? 2012 Elsevier Ltd. All rights reserved.&lt;/p&gt;</dc:description>
  <dc:language>eng</dc:language>
  <dc:subject>innovation platforms</dc:subject>
  <dc:subject>innovation systems</dc:subject>
  <dc:subject>knowledge and information sharing</dc:subject>
  <dc:subject>learning&amp;facilitation</dc:subject>
  <dc:subject>Multi-actor innovation networks</dc:subject>
  <dc:subject>multi-stakeholders processes</dc:subject>
  <dc:subject>Rural and regional development</dc:subject>
  <dc:subject>social learning</dc:subject>
  <dc:subject>Sustainable development</dc:subject>
  <dc:type>Journal Article</dc:type>
  <dc:format>35–43</dc:format>
</oai_dc:dc>