<oai_dc:dc xmlns:oai_dc="http://www.openarchives.org/OAI/2.0/oai_dc/" xmlns:dc="http://purl.org/dc/elements/1.1/" xmlns:xsi="http://www.w3.org/2001/XMLSchema-instance" xsi:schemaLocation="http://www.openarchives.org/OAI/2.0/oai_dc/  http://www.openarchives.org/OAI/2.0/oai_dc.xsd">
  <dc:title>An FAO e-mail conference on agricultural innovation systems and family farming: The moderator’s summary</dc:title>
  <dc:creator>J. Ruane</dc:creator>
  <Publisher xmlns="http://www.openarchives.org/OAI/2.0/">Food and Agriculture Oraganization of the United Nations (FAO)</Publisher>
  <dc:date>2012</dc:date>
  <dc:description>&lt;p&gt;Agricultural innovation systems; Farmer innovations; Farmer organizations; Access to market; Research and extension; Risk associated with innovation; Women farmers; Youth; ICTs; Innovation brokers&lt;/p&gt;</dc:description>
  <dc:language>eng</dc:language>
  <dc:subject>capacity building and development</dc:subject>
  <dc:subject>cd &amp; gender</dc:subject>
  <dc:subject>cd concept assessment</dc:subject>
  <dc:subject>cd concept enhancing</dc:subject>
  <dc:subject>cd geographical cross cutting</dc:subject>
  <dc:subject>cd system or policy</dc:subject>
  <dc:subject>innovation systems</dc:subject>
  <dc:subject>is actor extension</dc:subject>
  <dc:subject>is actor extension agency</dc:subject>
  <dc:subject>is actor farmer organization</dc:subject>
  <dc:subject>is actor market</dc:subject>
  <dc:subject>is actor ngo</dc:subject>
  <dc:subject>is actor private</dc:subject>
  <dc:subject>is actor public</dc:subject>
  <dc:subject>is actor research</dc:subject>
  <dc:subject>is organizational</dc:subject>
  <dc:type>Miscellaneous</dc:type>
  <dc:format>1–12</dc:format>
</oai_dc:dc>