<oai_dc:dc xmlns:oai_dc="http://www.openarchives.org/OAI/2.0/oai_dc/" xmlns:dc="http://purl.org/dc/elements/1.1/" xmlns:xsi="http://www.w3.org/2001/XMLSchema-instance" xsi:schemaLocation="http://www.openarchives.org/OAI/2.0/oai_dc/  http://www.openarchives.org/OAI/2.0/oai_dc.xsd">
  <dc:title>Research in Development: the approach of Aquatic Agricultural Systems</dc:title>
  <dc:creator>D. Patrick</dc:creator>
  <dc:creator>A. Marina</dc:creator>
  <dc:creator>D. Boru</dc:creator>
  <Publisher xmlns="http://www.openarchives.org/OAI/2.0/">Consultative Group for International Agricultural Research</Publisher>
  <dc:date>2008</dc:date>
  <dc:language>eng</dc:language>
  <dc:subject>cd</dc:subject>
  <dc:subject>cd learning</dc:subject>
  <dc:subject>is research</dc:subject>
  <dc:type>Unpublished</dc:type>
  <dc:format />
</oai_dc:dc>