<oai_dc:dc xmlns:oai_dc="http://www.openarchives.org/OAI/2.0/oai_dc/" xmlns:dc="http://purl.org/dc/elements/1.1/" xmlns:xsi="http://www.w3.org/2001/XMLSchema-instance" xsi:schemaLocation="http://www.openarchives.org/OAI/2.0/oai_dc/  http://www.openarchives.org/OAI/2.0/oai_dc.xsd">
  <dc:title>The State of Food and Agriculture 2014: Innovation in Family Farming</dc:title>
  <dc:creator />
  <DOI xmlns="http://www.openarchives.org/OAI/2.0/">9789251073179</DOI>
  <ISBN-Number xmlns="http://www.openarchives.org/OAI/2.0/">9789251073179</ISBN-Number>
  <Publisher xmlns="http://www.openarchives.org/OAI/2.0/">Food and Agriculture Organization of the United Nations (FAO)</Publisher>
  <dc:date>2014</dc:date>
  <dc:language>eng</dc:language>
  <dc:subject>cd</dc:subject>
  <dc:subject>family farming</dc:subject>
  <dc:subject>innovation policies</dc:subject>
  <dc:subject>innovation systems</dc:subject>
  <dc:type>Book</dc:type>
  <dc:format />
</oai_dc:dc>