<oai_dc:dc xmlns:oai_dc="http://www.openarchives.org/OAI/2.0/oai_dc/" xmlns:dc="http://purl.org/dc/elements/1.1/" xmlns:xsi="http://www.w3.org/2001/XMLSchema-instance" xsi:schemaLocation="http://www.openarchives.org/OAI/2.0/oai_dc/  http://www.openarchives.org/OAI/2.0/oai_dc.xsd">
  <dc:title>System of Rice Intensification in India: Innovation History and Institutional Challanges</dc:title>
  <dc:creator>S. Prasad</dc:creator>
  <Publisher xmlns="http://www.openarchives.org/OAI/2.0/">WWF Project &amp;quot;Dialogue on water, Food and Environment&amp;quot;</Publisher>
  <dc:date>2006</dc:date>
  <dc:language>eng</dc:language>
  <dc:subject>is asia</dc:subject>
  <dc:subject>is research</dc:subject>
  <dc:type>Miscellaneous</dc:type>
  <dc:format />
</oai_dc:dc>