<oai_dc:dc xmlns:oai_dc="http://www.openarchives.org/OAI/2.0/oai_dc/" xmlns:dc="http://purl.org/dc/elements/1.1/" xmlns:xsi="http://www.w3.org/2001/XMLSchema-instance" xsi:schemaLocation="http://www.openarchives.org/OAI/2.0/oai_dc/  http://www.openarchives.org/OAI/2.0/oai_dc.xsd">
  <dc:title>Building Innovation Systems in Natural Resource-Based Industries</dc:title>
  <dc:creator>L.K. Mytelka</dc:creator>
  <Publisher xmlns="http://www.openarchives.org/OAI/2.0/">United Nations University</Publisher>
  <dc:date>2004</dc:date>
  <dc:language>eng</dc:language>
  <dc:subject>cd</dc:subject>
  <dc:subject>innovation systems</dc:subject>
  <dc:type>Conference Paper</dc:type>
  <dc:format />
</oai_dc:dc>