<oai_dc:dc xmlns:oai_dc="http://www.openarchives.org/OAI/2.0/oai_dc/" xmlns:dc="http://purl.org/dc/elements/1.1/" xmlns:xsi="http://www.w3.org/2001/XMLSchema-instance" xsi:schemaLocation="http://www.openarchives.org/OAI/2.0/oai_dc/  http://www.openarchives.org/OAI/2.0/oai_dc.xsd">
  <dc:title>Contribution of Farmer-to-Farmer Video to Capital Assets Building: Evidence from Bangladesh</dc:title>
  <dc:creator>A.Huq Chowdhury</dc:creator>
  <dc:creator>P. Van Mele</dc:creator>
  <dc:creator>M. Hauser</dc:creator>
  <DOI xmlns="http://www.openarchives.org/OAI/2.0/">10.1080/10440046.2011.562059</DOI>
  <dc:source>Journal of Sustainable Agriculture</dc:source>
  <dc:date>2011</dc:date>
  <dc:description>&lt;p&gt;Sustainable agriculture requires suitable group learning approa- ches that trigger capital assets building. Drawing mainly on face-to-face extension, methods and approaches used in sustain- able agricultural projects aim at triggering learning and capital assets building. To target and to reach out to a large number of resource-poor households the potential role of media, such as video, has received less attention. In Bangladesh, videos on sustainable rice seed practices were developed with farmers and then shown in multiple villages. This study reports on the contribution of farmer– to-farmer video-mediated group learning to capital assets building of women in resource-poor households. Data were collected using structured interviews with 140 randomly selected women in 28 video villages and 40 women in four control villages in north-west Bangladesh. Video-mediated group learning enhanced women’s ability to apply and experiment with seed technologies. It also stim- ulated reciprocal sharing of new knowledge and skills between them, other farmers and service providers. Rice yields increased by 15%, which improved the women’s social and economic status and intra-household decision-making. Over 20% of the households attained rice self-sufficiency, with no changes observed in con- trol villages. This study has provided insights into the potential use of farmer-to-farmer video in sustainable agriculture to strengthen human, social and financial capital and to reduce poverty.&lt;/p&gt;</dc:description>
  <dc:language>eng</dc:language>
  <dc:subject>asia</dc:subject>
  <dc:subject>bangladesh</dc:subject>
  <dc:subject>knowledge and information sharing</dc:subject>
  <dc:subject>learning&amp;facilitation</dc:subject>
  <dc:type>Journal Article</dc:type>
  <dc:format>408–435</dc:format>
</oai_dc:dc>