<oai_dc:dc xmlns:oai_dc="http://www.openarchives.org/OAI/2.0/oai_dc/" xmlns:dc="http://purl.org/dc/elements/1.1/" xmlns:xsi="http://www.w3.org/2001/XMLSchema-instance" xsi:schemaLocation="http://www.openarchives.org/OAI/2.0/oai_dc/  http://www.openarchives.org/OAI/2.0/oai_dc.xsd">
  <dc:title>Farmer Field Schools (FFS)</dc:title>
  <dc:creator>M. Dhamankar</dc:creator>
  <dc:creator>M. Wongtschowski</dc:creator>
  <ISBN-Number xmlns="http://www.openarchives.org/OAI/2.0/">9789251083284</ISBN-Number>
  <Publisher xmlns="http://www.openarchives.org/OAI/2.0/">Global Forum for Rural Advisory Services (GFRAS)</Publisher>
  <URL xmlns="http://www.openarchives.org/OAI/2.0/">http://dspacetest.cgiar.org/handle/10568/40952</URL>
  <dc:date>2013</dc:date>
  <dc:language>eng</dc:language>
  <dc:subject>learning&amp;facilitation</dc:subject>
  <dc:subject>lf geographical cross-cutting</dc:subject>
  <dc:subject>lf organizational</dc:subject>
  <dc:type>Miscellaneous</dc:type>
  <dc:format>2–5</dc:format>
</oai_dc:dc>