<oai_dc:dc xmlns:oai_dc="http://www.openarchives.org/OAI/2.0/oai_dc/" xmlns:dc="http://purl.org/dc/elements/1.1/" xmlns:xsi="http://www.w3.org/2001/XMLSchema-instance" xsi:schemaLocation="http://www.openarchives.org/OAI/2.0/oai_dc/  http://www.openarchives.org/OAI/2.0/oai_dc.xsd">
  <dc:title>Linking international agricultural research knowledge with action for sustainable development</dc:title>
  <dc:creator>P. Kristjanson</dc:creator>
  <dc:creator>R.S. Reid</dc:creator>
  <dc:creator>N. Dickson</dc:creator>
  <dc:creator>W.C. Clark</dc:creator>
  <dc:creator>D. Romney</dc:creator>
  <dc:creator>R. Puskur</dc:creator>
  <dc:creator>S. Macmillan</dc:creator>
  <dc:creator>D. Grace</dc:creator>
  <DOI xmlns="http://www.openarchives.org/OAI/2.0/">10.1073/pnas.0807414106</DOI>
  <dc:source>Proceedings of the National Academy of Sciences of the United States of America</dc:source>
  <dc:date>2009</dc:date>
  <dc:description>&lt;p&gt;We applied an innovation framework to sustainable livestock development research projects in Africa and Asia. The focus of these projects ranged from pastoral systems to poverty and ecosystems services mapping to market access by the poor to fodder and natural resource management to livestock parasite drug resistance. We found that these projects closed gaps between knowledge and action by combining different kinds of knowledge, learning, and boundary spanning approaches; by providing all partners with the same opportunities; and by building the capacity of all partners to innovate and communicate.&lt;/p&gt;</dc:description>
  <dc:language>eng</dc:language>
  <dc:subject>africa</dc:subject>
  <dc:subject>agricultural research</dc:subject>
  <dc:subject>asia</dc:subject>
  <dc:subject>ethiopia</dc:subject>
  <dc:subject>learning&amp;facilitation</dc:subject>
  <dc:type>Journal Article</dc:type>
  <dc:format>5047–5052</dc:format>
</oai_dc:dc>