<oai_dc:dc xmlns:oai_dc="http://www.openarchives.org/OAI/2.0/oai_dc/" xmlns:dc="http://purl.org/dc/elements/1.1/" xmlns:xsi="http://www.w3.org/2001/XMLSchema-instance" xsi:schemaLocation="http://www.openarchives.org/OAI/2.0/oai_dc/  http://www.openarchives.org/OAI/2.0/oai_dc.xsd">
  <dc:title>The Integration of Nutrition into Extension and Advisory Services (EAS): a synthesis of Experiences, Lessons, and Recommendsations</dc:title>
  <dc:creator>J. Fanzo</dc:creator>
  <dc:creator>Q. Marshall</dc:creator>
  <dc:creator>J. Wong</dc:creator>
  <dc:creator>R.I. Merchan</dc:creator>
  <dc:creator>M.I. Jaber</dc:creator>
  <dc:creator>A. Souza</dc:creator>
  <dc:creator>N. Verjee</dc:creator>
  <ISBN-Number xmlns="http://www.openarchives.org/OAI/2.0/">9783952390191</ISBN-Number>
  <Publisher xmlns="http://www.openarchives.org/OAI/2.0/">Global Forum for Rural Advisory Services (GFRAS)</Publisher>
  <dc:date>2013</dc:date>
  <dc:language>eng</dc:language>
  <dc:subject>geographical cross cutting</dc:subject>
  <dc:subject>innovation systems</dc:subject>
  <dc:subject>is extension</dc:subject>
  <dc:type>Book</dc:type>
  <dc:format />
</oai_dc:dc>