<oai_dc:dc xmlns:oai_dc="http://www.openarchives.org/OAI/2.0/oai_dc/" xmlns:dc="http://purl.org/dc/elements/1.1/" xmlns:xsi="http://www.w3.org/2001/XMLSchema-instance" xsi:schemaLocation="http://www.openarchives.org/OAI/2.0/oai_dc/  http://www.openarchives.org/OAI/2.0/oai_dc.xsd">
  <dc:title>Building capacities for innovation management in extension and advisory services</dc:title>
  <dc:creator>S. R.V.</dc:creator>
  <Publisher xmlns="http://www.openarchives.org/OAI/2.0/">CTA</Publisher>
  <dc:date>2013</dc:date>
  <dc:language>eng</dc:language>
  <dc:subject>action research</dc:subject>
  <dc:subject>and output</dc:subject>
  <dc:subject>cd</dc:subject>
  <dc:subject>conflicts</dc:subject>
  <dc:subject>expanding the mandate of</dc:subject>
  <dc:subject>expertise</dc:subject>
  <dc:subject>facilitating access to inputs</dc:subject>
  <dc:subject>Functions</dc:subject>
  <dc:subject>innovation systems</dc:subject>
  <dc:subject>is extension</dc:subject>
  <dc:subject>mediating</dc:subject>
  <dc:subject>south asia</dc:subject>
  <dc:subject>while the need for</dc:subject>
  <dc:type>Conference Paper</dc:type>
  <dc:format>1–8</dc:format>
</oai_dc:dc>