<oai_dc:dc xmlns:oai_dc="http://www.openarchives.org/OAI/2.0/oai_dc/" xmlns:dc="http://purl.org/dc/elements/1.1/" xmlns:xsi="http://www.w3.org/2001/XMLSchema-instance" xsi:schemaLocation="http://www.openarchives.org/OAI/2.0/oai_dc/  http://www.openarchives.org/OAI/2.0/oai_dc.xsd">
  <dc:title>From measuring impact to learning institutional lessons: An innovation systems perspective on improving the management of international agricultural research</dc:title>
  <dc:creator>A. Hall</dc:creator>
  <dc:creator>R. Sulaiman</dc:creator>
  <dc:creator>N. Clark</dc:creator>
  <dc:creator>B. Yoganand</dc:creator>
  <DOI xmlns="http://www.openarchives.org/OAI/2.0/">10.1016/S0308-521X(03)00127-6</DOI>
  <ISBN-Number xmlns="http://www.openarchives.org/OAI/2.0/">0308-521X</ISBN-Number>
  <dc:source>Agricultural Systems</dc:source>
  <dc:date>2003</dc:date>
  <dc:description>&lt;p&gt;This paper argues that impact assessment research has not made more of a difference because the measurement of the economic impact has poor diagnostic power. In particular it fails to provide research managers with critical institutional lessons concerning ways of improving research and innovation as a process. Our contention is that the linear input-output assumptions of economic assessment need to be complemented by an analytical framework that recognises systems of reflexive, learning interactions and their location in, and relationship with, their institutional context. The innovation systems framework is proposed as an approach where institutional learning is explicit. Three case studies of recent developments in international agricultural research are presented to illustrate these points. We conclude by suggesting that the innovation systems framework has much to offer research managers wishing to monitor and learn new ways of addressing goals such as poverty alleviation. The greatest challenge however, is that such holistic learning frameworks must contend for legitimacy if they are to complement the dominant paradigm of economic assessment. ?? 2003 Elsevier Ltd. All rights reserved.&lt;/p&gt;</dc:description>
  <dc:language>eng</dc:language>
  <dc:subject>asia</dc:subject>
  <dc:subject>cd</dc:subject>
  <dc:subject>evaluation</dc:subject>
  <dc:subject>impact assessment</dc:subject>
  <dc:subject>innovation systems</dc:subject>
  <dc:subject>Institutional learning and change</dc:subject>
  <dc:subject>International agricultural research</dc:subject>
  <dc:subject>is research</dc:subject>
  <dc:type>Journal Article</dc:type>
  <dc:format>213–241</dc:format>
</oai_dc:dc>