<oai_dc:dc xmlns:oai_dc="http://www.openarchives.org/OAI/2.0/oai_dc/" xmlns:dc="http://purl.org/dc/elements/1.1/" xmlns:xsi="http://www.w3.org/2001/XMLSchema-instance" xsi:schemaLocation="http://www.openarchives.org/OAI/2.0/oai_dc/  http://www.openarchives.org/OAI/2.0/oai_dc.xsd">
  <dc:title>Innovation in Seed Potato Systems in Eastern Africa</dc:title>
  <dc:creator>P.R. Gildemacher</dc:creator>
  <ISBN-Number xmlns="http://www.openarchives.org/OAI/2.0/">9789461733108</ISBN-Number>
  <Publisher xmlns="http://www.openarchives.org/OAI/2.0/">Wageningen University</Publisher>
  <dc:date>2012</dc:date>
  <dc:description>&lt;p&gt;diagnosis of the potato systems of Kenya, Uganda and Ethiopia identified integrated management of bacterial wilt (Ralstonia solanacearum) and late blight (Phytophthora infestans), soil fertility management, and improving seed potato quality as technology-based opportunities for innovation.&lt;/p&gt;</dc:description>
  <dc:language>eng</dc:language>
  <dc:subject>africa</dc:subject>
  <dc:subject>innovation systems</dc:subject>
  <dc:subject>is extension</dc:subject>
  <dc:subject>is market</dc:subject>
  <dc:subject>is private</dc:subject>
  <dc:subject>knowledge and learning</dc:subject>
  <dc:type>Thesis</dc:type>
  <dc:format>184</dc:format>
</oai_dc:dc>