<oai_dc:dc xmlns:oai_dc="http://www.openarchives.org/OAI/2.0/oai_dc/" xmlns:dc="http://purl.org/dc/elements/1.1/" xmlns:xsi="http://www.w3.org/2001/XMLSchema-instance" xsi:schemaLocation="http://www.openarchives.org/OAI/2.0/oai_dc/  http://www.openarchives.org/OAI/2.0/oai_dc.xsd">
  <dc:title>Advances in knowledge brokering in the agricultural sector: Towards innovation system facilitation</dc:title>
  <dc:creator>L. Klerkx</dc:creator>
  <dc:creator>M. Schut</dc:creator>
  <dc:creator>C. Leeuwis</dc:creator>
  <dc:creator>C. Kilelu</dc:creator>
  <DOI xmlns="http://www.openarchives.org/OAI/2.0/">10.1111/j.1759-5436.2012.00363.x</DOI>
  <ISBN-Number xmlns="http://www.openarchives.org/OAI/2.0/">0265-5012</ISBN-Number>
  <Publisher xmlns="http://www.openarchives.org/OAI/2.0/">Institute of Development Studies (IDS)</Publisher>
  <dc:source>IDS</dc:source>
  <dc:date>2012</dc:date>
  <dc:description>&lt;p&gt;The process of knowledge brokering in the agricultural sector, where it is generally called agricultural extension, has been studied since the 1950s. While agricultural extension initially employed research push models, it gradually moved towards research pull and collaborative research models. The current agricultural innovation systems perspective goes beyond seeing research as the main input to change and innovation, and recognises that innovation emerges from the complex interactions among multiple actors and is about fostering combined technical, social and institutional change. As a result of adopting this innovation systems perspective, extension is refocusing to go beyond enhancing research uptake, and engaging in systemic facilitation or what has been called 'innovation brokering'. Innovation brokering is about performing several linkage building and facilitation activities in innovation systems, creating an enabling context for effective policy formulation and implementation, development and innovation. Conclusions are that an innovation systems perspective also has relevance for sectors other than agriculture, which implies that in these sectors knowledge brokering as enhancing research uptake and use should be complemented with broader innovation brokering activities. © 2012 Institute of Development Studies.&lt;/p&gt;</dc:description>
  <dc:language>eng</dc:language>
  <dc:subject>innovation systems</dc:subject>
  <dc:subject>is extension</dc:subject>
  <dc:subject>is research</dc:subject>
  <dc:subject>knowledge and information sharing</dc:subject>
  <dc:subject>knowledge brokering</dc:subject>
  <dc:subject>learning&amp;facilitation</dc:subject>
  <dc:type>Miscellaneous</dc:type>
  <dc:format>53–60</dc:format>
</oai_dc:dc>