<oai_dc:dc xmlns:oai_dc="http://www.openarchives.org/OAI/2.0/oai_dc/" xmlns:dc="http://purl.org/dc/elements/1.1/" xmlns:xsi="http://www.w3.org/2001/XMLSchema-instance" xsi:schemaLocation="http://www.openarchives.org/OAI/2.0/oai_dc/  http://www.openarchives.org/OAI/2.0/oai_dc.xsd">
  <dc:title>Workshop Report from the CGIAR Consortium CapDev Community of Practice Annual Meeting 2014</dc:title>
  <dc:creator>N. Manning-Thomas</dc:creator>
  <Publisher xmlns="http://www.openarchives.org/OAI/2.0/">Consultative Group for International Agricultural Research (CGIAR)</Publisher>
  <dc:date>2014</dc:date>
  <dc:language>eng</dc:language>
  <dc:subject>cd</dc:subject>
  <dc:subject>innovation systems</dc:subject>
  <dc:type>Miscellaneous</dc:type>
  <dc:format>1–15</dc:format>
</oai_dc:dc>