<oai_dc:dc xmlns:oai_dc="http://www.openarchives.org/OAI/2.0/oai_dc/" xmlns:dc="http://purl.org/dc/elements/1.1/" xmlns:xsi="http://www.w3.org/2001/XMLSchema-instance" xsi:schemaLocation="http://www.openarchives.org/OAI/2.0/oai_dc/  http://www.openarchives.org/OAI/2.0/oai_dc.xsd">
  <dc:title>Innovation through action - An action research journey with smallholder farmers in Limpopo Province, South Africa: experiences of soil fertility management</dc:title>
  <dc:creator>J.M. Ramaru</dc:creator>
  <dc:creator>J. Hagmann</dc:creator>
  <dc:creator>Z.M. Mamabolo</dc:creator>
  <dc:creator>M.H. Netshivhodza</dc:creator>
  <Publisher xmlns="http://www.openarchives.org/OAI/2.0/">Wageningen Academic Publishers</Publisher>
  <dc:date>2009</dc:date>
  <dc:description>&lt;p&gt;Documents the learning process within the innovation perspective on soils fertility with took place in the Participatory Extension Approach in a county in South Africa.&lt;/p&gt;</dc:description>
  <dc:language>eng</dc:language>
  <dc:subject>ad&amp;case africa</dc:subject>
  <dc:subject>capacity knowledge learning</dc:subject>
  <dc:subject>cd tools</dc:subject>
  <dc:subject>is extension</dc:subject>
  <dc:subject>is farmer organizations</dc:subject>
  <dc:subject>is knowledge and learning</dc:subject>
  <dc:subject>is south africa</dc:subject>
  <dc:type>Book</dc:type>
  <dc:format />
</oai_dc:dc>