<oai_dc:dc xmlns:oai_dc="http://www.openarchives.org/OAI/2.0/oai_dc/" xmlns:dc="http://purl.org/dc/elements/1.1/" xmlns:xsi="http://www.w3.org/2001/XMLSchema-instance" xsi:schemaLocation="http://www.openarchives.org/OAI/2.0/oai_dc/  http://www.openarchives.org/OAI/2.0/oai_dc.xsd">
  <dc:title>Series Strengthening Agricultural Innovation Capacity: Are Innovation Brokers the Answer?</dc:title>
  <dc:creator>L. Klerkx</dc:creator>
  <dc:creator>A. Hall</dc:creator>
  <dc:creator>C. Leeuwis</dc:creator>
  <Publisher xmlns="http://www.openarchives.org/OAI/2.0/">United Nations University</Publisher>
  <dc:date>2009</dc:date>
  <dc:language>eng</dc:language>
  <dc:subject>innovation brokering</dc:subject>
  <dc:subject>innovation platforms</dc:subject>
  <dc:subject>innovation systems</dc:subject>
  <dc:subject>knowledge and learning</dc:subject>
  <dc:subject>learning&amp;facilitation</dc:subject>
  <dc:subject>multi-stakeholders processes</dc:subject>
  <dc:subject>social learning</dc:subject>
  <dc:type>Unpublished</dc:type>
  <dc:format>1–47</dc:format>
</oai_dc:dc>