<oai_dc:dc xmlns:oai_dc="http://www.openarchives.org/OAI/2.0/oai_dc/" xmlns:dc="http://purl.org/dc/elements/1.1/" xmlns:xsi="http://www.w3.org/2001/XMLSchema-instance" xsi:schemaLocation="http://www.openarchives.org/OAI/2.0/oai_dc/  http://www.openarchives.org/OAI/2.0/oai_dc.xsd">
  <dc:title>Catalysing innovation: from theory to action</dc:title>
  <dc:creator>P. Gildemacher</dc:creator>
  <dc:creator>M. Wongtschowski</dc:creator>
  <Publisher xmlns="http://www.openarchives.org/OAI/2.0/">Royal Tropical institute</Publisher>
  <dc:date>2013</dc:date>
  <dc:language>eng</dc:language>
  <dc:subject>agricultural innovation</dc:subject>
  <dc:subject>catalysing innovation</dc:subject>
  <dc:subject>from theory to action</dc:subject>
  <dc:subject>impact at scale</dc:subject>
  <dc:subject>innovation systems</dc:subject>
  <dc:subject>is research</dc:subject>
  <dc:subject>research</dc:subject>
  <dc:subject>rural development</dc:subject>
  <dc:type>Miscellaneous</dc:type>
  <dc:format>1–10</dc:format>
</oai_dc:dc>