<oai_dc:dc xmlns:oai_dc="http://www.openarchives.org/OAI/2.0/oai_dc/" xmlns:dc="http://purl.org/dc/elements/1.1/" xmlns:xsi="http://www.w3.org/2001/XMLSchema-instance" xsi:schemaLocation="http://www.openarchives.org/OAI/2.0/oai_dc/  http://www.openarchives.org/OAI/2.0/oai_dc.xsd">
  <dc:title>Agricultural Innovation in Sub-Saharan Africa Experiences from multi-stakeholder approaches</dc:title>
  <dc:creator>A. Adekunle</dc:creator>
  <dc:creator>J. Ellis-Jones</dc:creator>
  <dc:creator>I. Ajibefun</dc:creator>
  <dc:creator>R. Nyikal</dc:creator>
  <dc:creator>S. Bangali</dc:creator>
  <dc:creator>O. Fatunbi</dc:creator>
  <dc:creator>A. Ange</dc:creator>
  <Publisher xmlns="http://www.openarchives.org/OAI/2.0/">Forum for Agricultural Research in Africa (FARA)</Publisher>
  <dc:date>2012</dc:date>
  <dc:language>eng</dc:language>
  <dc:subject>africa</dc:subject>
  <dc:subject>botswana</dc:subject>
  <dc:subject>cameroon</dc:subject>
  <dc:subject>cd</dc:subject>
  <dc:subject>cd organizational</dc:subject>
  <dc:subject>ethiopia</dc:subject>
  <dc:subject>ghana</dc:subject>
  <dc:subject>innovation systems</dc:subject>
  <dc:subject>is research</dc:subject>
  <dc:subject>kenyia</dc:subject>
  <dc:subject>knowledge and information sharing</dc:subject>
  <dc:subject>malawi</dc:subject>
  <dc:subject>niger</dc:subject>
  <dc:subject>nigeria</dc:subject>
  <dc:subject>Rwanda</dc:subject>
  <dc:subject>uganda</dc:subject>
  <dc:subject>zambia</dc:subject>
  <dc:type>Miscellaneous</dc:type>
  <dc:format>151</dc:format>
</oai_dc:dc>