<oai_dc:dc xmlns:oai_dc="http://www.openarchives.org/OAI/2.0/oai_dc/" xmlns:dc="http://purl.org/dc/elements/1.1/" xmlns:xsi="http://www.w3.org/2001/XMLSchema-instance" xsi:schemaLocation="http://www.openarchives.org/OAI/2.0/oai_dc/  http://www.openarchives.org/OAI/2.0/oai_dc.xsd">
  <dc:title>Farmer field schools From agricultural extension to adult education</dc:title>
  <dc:creator>H. Waddington</dc:creator>
  <dc:creator>H. White</dc:creator>
  <Publisher xmlns="http://www.openarchives.org/OAI/2.0/">London International Development Centre</Publisher>
  <dc:date>2014</dc:date>
  <dc:description>&lt;p&gt;This report is based on systematic review of over 500 documents, and discusses, impact of the farmer field school, theory of change, targeting farmers, implementation, impact on participant farmers, and implications for policy, research and practice.&lt;/p&gt;</dc:description>
  <dc:language>eng</dc:language>
  <dc:subject>ad &amp; case</dc:subject>
  <dc:subject>farmer field schools (FFS)</dc:subject>
  <dc:subject>is extension</dc:subject>
  <dc:subject>knowledge and infromation sharing</dc:subject>
  <dc:subject>small holders</dc:subject>
  <dc:type>Miscellaneous</dc:type>
  <dc:format />
</oai_dc:dc>