<oai_dc:dc xmlns:oai_dc="http://www.openarchives.org/OAI/2.0/oai_dc/" xmlns:dc="http://purl.org/dc/elements/1.1/" xmlns:xsi="http://www.w3.org/2001/XMLSchema-instance" xsi:schemaLocation="http://www.openarchives.org/OAI/2.0/oai_dc/  http://www.openarchives.org/OAI/2.0/oai_dc.xsd">
  <dc:title>Participatory Rural Video Centre - An approach to Support Learning and Farmers&amp;#039; Innovation in Bangladesh</dc:title>
  <dc:creator>A.Huq Chowdhury</dc:creator>
  <dc:creator>R. Aktar</dc:creator>
  <dc:creator>F. Peloschek</dc:creator>
  <dc:creator>A. Sarker</dc:creator>
  <dc:date>2011</dc:date>
  <dc:language>eng</dc:language>
  <dc:subject>asia</dc:subject>
  <dc:subject>bangladesh</dc:subject>
  <dc:subject>learning&amp;facilitation</dc:subject>
  <dc:type>Conference Paper</dc:type>
  <dc:format>3–6</dc:format>
</oai_dc:dc>