<oai_dc:dc xmlns:oai_dc="http://www.openarchives.org/OAI/2.0/oai_dc/" xmlns:dc="http://purl.org/dc/elements/1.1/" xmlns:xsi="http://www.w3.org/2001/XMLSchema-instance" xsi:schemaLocation="http://www.openarchives.org/OAI/2.0/oai_dc/  http://www.openarchives.org/OAI/2.0/oai_dc.xsd">
  <dc:title>Study on impacts of farmer-led research supported by civil society organizations</dc:title>
  <dc:creator>C. Wettasnha</dc:creator>
  <dc:creator>A. Waters-Bayer</dc:creator>
  <dc:creator>L. Van Veldhuizen</dc:creator>
  <dc:creator>G. Quiroga</dc:creator>
  <dc:creator>K. Swaans</dc:creator>
  <Publisher xmlns="http://www.openarchives.org/OAI/2.0/">CGIAR Research Program on Aquatic Agricultural Systems</Publisher>
  <dc:date>2015</dc:date>
  <dc:description>&lt;p&gt;Based on 11 case studies from Africa, Asia, and Latin America, this report describes farmer-led research findings and their dissemination, and analyzes available evidence on the impact of farmer-led approaches to agricultural research and development on rural livelihoods, local capacity to innovate and adapt, and influence on governmental institutions of agricultural research and development. It draws lessons for pursuing this type of approach and for future partnerships between actors in both formal and informal agricultural research and development who seek common goals in serving smallholder communities&lt;/p&gt;</dc:description>
  <dc:language>eng</dc:language>
  <dc:subject>ad &amp; case geographical cross cutting</dc:subject>
  <dc:subject>ad &amp; case latin america</dc:subject>
  <dc:subject>ad&amp;case africa</dc:subject>
  <dc:subject>ad&amp;case asia</dc:subject>
  <dc:subject>farmer-led research</dc:subject>
  <dc:subject>smallholders</dc:subject>
  <dc:type>Miscellaneous</dc:type>
  <dc:format />
</oai_dc:dc>