<oai_dc:dc xmlns:oai_dc="http://www.openarchives.org/OAI/2.0/oai_dc/" xmlns:dc="http://purl.org/dc/elements/1.1/" xmlns:xsi="http://www.w3.org/2001/XMLSchema-instance" xsi:schemaLocation="http://www.openarchives.org/OAI/2.0/oai_dc/  http://www.openarchives.org/OAI/2.0/oai_dc.xsd">
  <dc:creator>J.Sibiri Zoundi</dc:creator>
  <dc:creator>L. Hitimana</dc:creator>
  <dc:creator>K. Hussein</dc:creator>
  <dc:date>Submitted</dc:date>
  <dc:description>&lt;p&gt;The paper reports on an initiative aiming to stimulate analyses, collect field data and case studies that encourage debates between regional actors, with a view to informing the development of regional policies and actions in order to promote and strengthen producer access to agricultural innovation, where most producers are anchored in the family economy.&lt;/p&gt;</dc:description>
  <dc:language>eng</dc:language>
  <dc:type>Miscellaneous</dc:type>
  <dc:format />
</oai_dc:dc>