<oai_dc:dc xmlns:oai_dc="http://www.openarchives.org/OAI/2.0/oai_dc/" xmlns:dc="http://purl.org/dc/elements/1.1/" xmlns:xsi="http://www.w3.org/2001/XMLSchema-instance" xsi:schemaLocation="http://www.openarchives.org/OAI/2.0/oai_dc/  http://www.openarchives.org/OAI/2.0/oai_dc.xsd">
  <dc:title>Institutional Constraints to Agriculture Development in Uganda</dc:title>
  <dc:creator>L. Bategeka</dc:creator>
  <dc:creator>J. Kiiza</dc:creator>
  <dc:creator>I. Kasirye</dc:creator>
  <Publisher xmlns="http://www.openarchives.org/OAI/2.0/">Economic Policy Research Centre (EPRC)</Publisher>
  <dc:source>Economic policy research center</dc:source>
  <dc:date>2013</dc:date>
  <dc:language>eng</dc:language>
  <dc:subject>africa</dc:subject>
  <dc:subject>cd</dc:subject>
  <dc:subject>is institutional</dc:subject>
  <dc:subject>uganda</dc:subject>
  <dc:type>Book</dc:type>
  <dc:format />
</oai_dc:dc>