<oai_dc:dc xmlns:oai_dc="http://www.openarchives.org/OAI/2.0/oai_dc/" xmlns:dc="http://purl.org/dc/elements/1.1/" xmlns:xsi="http://www.w3.org/2001/XMLSchema-instance" xsi:schemaLocation="http://www.openarchives.org/OAI/2.0/oai_dc/  http://www.openarchives.org/OAI/2.0/oai_dc.xsd">
  <dc:title>Extensión rural para el desarrollo de la agricultura y la seguridad alimentaria</dc:title>
  <dc:creator>J. Ardila</dc:creator>
  <ISBN-Number xmlns="http://www.openarchives.org/OAI/2.0/">9789292482138</ISBN-Number>
  <Publisher xmlns="http://www.openarchives.org/OAI/2.0/">Instituto Interamericano de Cooperacion Para la Agricultura (IICA)</Publisher>
  <dc:date>2010</dc:date>
  <dc:language>eng</dc:language>
  <dc:subject>innvation systems</dc:subject>
  <dc:subject>is extension</dc:subject>
  <dc:subject>is latin america</dc:subject>
  <dc:type>Miscellaneous</dc:type>
  <dc:format />
</oai_dc:dc>