<oai_dc:dc xmlns:oai_dc="http://www.openarchives.org/OAI/2.0/oai_dc/" xmlns:dc="http://purl.org/dc/elements/1.1/" xmlns:xsi="http://www.w3.org/2001/XMLSchema-instance" xsi:schemaLocation="http://www.openarchives.org/OAI/2.0/oai_dc/  http://www.openarchives.org/OAI/2.0/oai_dc.xsd">
  <dc:title>Rethinking the benchmarking of agricultural and rural innovation</dc:title>
  <dc:creator>E. Kraemer</dc:creator>
  <Publisher xmlns="http://www.openarchives.org/OAI/2.0/">Institute for Economic Research on Innovation (IERI)</Publisher>
  <dc:date>2011</dc:date>
  <dc:description>&lt;p&gt;The purpose of this paper is to re-examine the role that benchmarking can play in rural and agricultural innovations. Although generally known as ‗traditional sectors‘, rural activities are far from static but rather driven by old and new challenges pleading for innovative responses. Despite the broad range of insights from the burgeoning literature on innovation systems during the last decade, most benchmarking thinking and practice still remains highly science-based and centred in promoting public R&amp;amp;D, especially in developing countries. This paper argues that a transition from simplistic to more dynamic forms of benchmarking needs to bring it closer to the contemporary understanding of processes of innovation and technological change, as a participatory process. This paper explores the advantages and challenges of re-defining benchmarking in an innovation systems framework. It particularly stresses the need to bring benchmarking closer to the contemporary understanding of processes of innovation and technological change. Efforts to creatively improve benchmarking in rural innovation would involve (1) expanding the set of current indicators to track underlying capacities; and (2) exploring new avenues and roles for benchmarking as a tool for dynamic comparison and as a learning mechanism.&lt;/p&gt;</dc:description>
  <dc:language>eng</dc:language>
  <dc:subject>agricultural innovation systems</dc:subject>
  <dc:subject>benchmarking</dc:subject>
  <dc:subject>capacity building and development</dc:subject>
  <dc:subject>cd concept enhancing</dc:subject>
  <dc:subject>cd geographical cross cutting</dc:subject>
  <dc:subject>innovation systems</dc:subject>
  <dc:subject>is knowledge and learning</dc:subject>
  <dc:subject>Rural innovation</dc:subject>
  <dc:type>Miscellaneous</dc:type>
  <dc:format>1–23</dc:format>
</oai_dc:dc>