<oai_dc:dc xmlns:oai_dc="http://www.openarchives.org/OAI/2.0/oai_dc/" xmlns:dc="http://purl.org/dc/elements/1.1/" xmlns:xsi="http://www.w3.org/2001/XMLSchema-instance" xsi:schemaLocation="http://www.openarchives.org/OAI/2.0/oai_dc/  http://www.openarchives.org/OAI/2.0/oai_dc.xsd">
  <dc:title>Measuring Agricultural Innovation System Properties and Performance Illustrations from Ethiopia and Vietnam</dc:title>
  <dc:creator />
  <dc:creator>A. Quizon</dc:creator>
  <dc:creator>Y. Arban</dc:creator>
  <dc:creator>A. Bertuso</dc:creator>
  <DOI xmlns="http://www.openarchives.org/OAI/2.0/">10.1080/095373299107311</DOI>
  <ISBN-Number xmlns="http://www.openarchives.org/OAI/2.0/">9789719589822</ISBN-Number>
  <Publisher xmlns="http://www.openarchives.org/OAI/2.0/">International Food Policy Research Institute (IFPRI)</Publisher>
  <dc:source>Food Policy</dc:source>
  <dc:date>2009</dc:date>
  <dc:description>&lt;p&gt;IFPRI Discussion Paper 851 - March 2009. Development of an indicator of innovation activity performance, and its application to two specific countries cases. Useful metrics as diagnostic tools of the effectiveness through time of given systems structures (Also included in the Advocacy and cases folder)&lt;/p&gt;</dc:description>
  <dc:language>eng</dc:language>
  <dc:subject>ad &amp; case asia</dc:subject>
  <dc:subject>Agriculture</dc:subject>
  <dc:subject>capacity assessment</dc:subject>
  <dc:subject>cd concept assessment</dc:subject>
  <dc:subject>Developing Countries</dc:subject>
  <dc:subject>ethiopia</dc:subject>
  <dc:subject>innovation</dc:subject>
  <dc:subject>innovation systems</dc:subject>
  <dc:subject>is africa</dc:subject>
  <dc:subject>is asia</dc:subject>
  <dc:subject>is institutional</dc:subject>
  <dc:subject>m&amp;e</dc:subject>
  <dc:subject>m&amp;e baseline</dc:subject>
  <dc:subject>me tools</dc:subject>
  <dc:subject>Science and technology</dc:subject>
  <dc:subject>vietnam</dc:subject>
  <dc:type>Book</dc:type>
  <dc:format>1–59</dc:format>
</oai_dc:dc>