<oai_dc:dc xmlns:oai_dc="http://www.openarchives.org/OAI/2.0/oai_dc/" xmlns:dc="http://purl.org/dc/elements/1.1/" xmlns:xsi="http://www.w3.org/2001/XMLSchema-instance" xsi:schemaLocation="http://www.openarchives.org/OAI/2.0/oai_dc/  http://www.openarchives.org/OAI/2.0/oai_dc.xsd">
  <dc:title>Stop teaching, start learning: the mystery of capacity development</dc:title>
  <dc:creator>A. Gosses</dc:creator>
  <Publisher xmlns="http://www.openarchives.org/OAI/2.0/">Effectiveness and Quality Department (DEK) of the Ministry of Foreign Affairs</Publisher>
  <URL xmlns="http://www.openarchives.org/OAI/2.0/">http://portals.wi.wur.nl/files/docs/SPICAD/PaperCapacityDevelopmentdefinitief20-04.doc</URL>
  <dc:date>2007</dc:date>
  <dc:language>eng</dc:language>
  <dc:subject>cd</dc:subject>
  <dc:subject>cd institutional</dc:subject>
  <dc:type>Book</dc:type>
  <dc:format />
</oai_dc:dc>