<oai_dc:dc xmlns:oai_dc="http://www.openarchives.org/OAI/2.0/oai_dc/" xmlns:dc="http://purl.org/dc/elements/1.1/" xmlns:xsi="http://www.w3.org/2001/XMLSchema-instance" xsi:schemaLocation="http://www.openarchives.org/OAI/2.0/oai_dc/  http://www.openarchives.org/OAI/2.0/oai_dc.xsd">
  <dc:title>Emerging Patterns in the Capacity Development Puzzle</dc:title>
  <dc:creator>A. Oriz</dc:creator>
  <dc:creator>P. Taylor</dc:creator>
  <ISBN-Number xmlns="http://www.openarchives.org/OAI/2.0/">978-1-4020-3327-8, 978-1-4020-3329-2</ISBN-Number>
  <Publisher xmlns="http://www.openarchives.org/OAI/2.0/">Institute of Development Studies (IDS)</Publisher>
  <dc:date>2008</dc:date>
  <dc:description>&lt;p&gt;Landscapes are complex systems that show many different patterns according to the scale of resolution and the component towards which the investigation is directed. Two main patterns are described in this chapter, the heterogeneity and the ecotones. Both are produced by different processes of which disturbance and fragmentation, in particular, are very influential. Heterogeneity is the main pattern of every landscape and strictly linked with this pattern we find the edges or ecotones. Every pattern produced by processes is in turn a producer of new processes. In particular, heterogeneity has a dramatic influence on many processes across the landscape. Ecotones are special areas in which different types of habitats meet and where ecological processes are strongly influenced by the co-occurrences of different land attributes. Their role is fundamental to understanding landscape complexity and its functioning.&lt;/p&gt;</dc:description>
  <dc:language>eng</dc:language>
  <dc:subject>m&amp;e</dc:subject>
  <dc:subject>m&amp;e capacity development</dc:subject>
  <dc:subject>m&amp;e impact assessment</dc:subject>
  <dc:subject>m&amp;e tools</dc:subject>
  <dc:type>Miscellaneous</dc:type>
  <dc:format />
</oai_dc:dc>