<oai_dc:dc xmlns:oai_dc="http://www.openarchives.org/OAI/2.0/oai_dc/" xmlns:dc="http://purl.org/dc/elements/1.1/" xmlns:xsi="http://www.w3.org/2001/XMLSchema-instance" xsi:schemaLocation="http://www.openarchives.org/OAI/2.0/oai_dc/  http://www.openarchives.org/OAI/2.0/oai_dc.xsd">
  <dc:title>Supporting Capacity Development: the UNDP approach</dc:title>
  <dc:creator />
  <Publisher xmlns="http://www.openarchives.org/OAI/2.0/">United Nations Development Programme (UNDP)</Publisher>
  <URL xmlns="http://www.openarchives.org/OAI/2.0/">http://www.undp.org/content/dam/aplaws/publication/en/publications/capacity-development/support-capacity-development-the-undp-approach/CDG_Brochure_2009.pdf</URL>
  <dc:date>2010</dc:date>
  <dc:language>eng</dc:language>
  <dc:subject>capacity assessment</dc:subject>
  <dc:subject>cd</dc:subject>
  <dc:subject>cd environment</dc:subject>
  <dc:subject>cd organizational</dc:subject>
  <dc:subject>cd system</dc:subject>
  <dc:subject>cd tools</dc:subject>
  <dc:subject>m&amp;e</dc:subject>
  <dc:type>Book</dc:type>
  <dc:format />
</oai_dc:dc>