<oai_dc:dc xmlns:oai_dc="http://www.openarchives.org/OAI/2.0/oai_dc/" xmlns:dc="http://purl.org/dc/elements/1.1/" xmlns:xsi="http://www.w3.org/2001/XMLSchema-instance" xsi:schemaLocation="http://www.openarchives.org/OAI/2.0/oai_dc/  http://www.openarchives.org/OAI/2.0/oai_dc.xsd">
  <dc:title>Agriculture for development</dc:title>
  <dc:creator>T.Agricultur Association</dc:creator>
  <DOI xmlns="http://www.openarchives.org/OAI/2.0/">10.1596/978-0-8213-7235-7</DOI>
  <ISBN-Number xmlns="http://www.openarchives.org/OAI/2.0/">9780821368077</ISBN-Number>
  <Publisher xmlns="http://www.openarchives.org/OAI/2.0/">Tropical Agriculture Association</Publisher>
  <URL xmlns="http://www.openarchives.org/OAI/2.0/">http://are.berkeley.edu/ sadoulet/papers/FAORomeOct09.pdf</URL>
  <dc:date>2013</dc:date>
  <dc:language>eng</dc:language>
  <dc:type>Miscellaneous</dc:type>
  <dc:format />
</oai_dc:dc>