<oai_dc:dc xmlns:oai_dc="http://www.openarchives.org/OAI/2.0/oai_dc/" xmlns:dc="http://purl.org/dc/elements/1.1/" xmlns:xsi="http://www.w3.org/2001/XMLSchema-instance" xsi:schemaLocation="http://www.openarchives.org/OAI/2.0/oai_dc/  http://www.openarchives.org/OAI/2.0/oai_dc.xsd">
  <dc:title>Making innovation systems work in practice : experiences in integrating innovation , social learning and knowledge in innovation platforms</dc:title>
  <dc:creator>H. Ngwenya</dc:creator>
  <dc:creator>J. Hagmann</dc:creator>
  <DOI xmlns="http://www.openarchives.org/OAI/2.0/">10.1080/19474199.2011.593867</DOI>
  <dc:source>Knowledge Management for Development Journal</dc:source>
  <dc:date>2011</dc:date>
  <dc:language>eng</dc:language>
  <dc:subject>ad&amp;case geographical cross cutting</dc:subject>
  <dc:subject>capacity develoment</dc:subject>
  <dc:subject>cd tools</dc:subject>
  <dc:subject>innovation system</dc:subject>
  <dc:subject>is knowledge and learning</dc:subject>
  <dc:subject>knowledge management</dc:subject>
  <dc:type>Journal Article</dc:type>
  <dc:format>109–124</dc:format>
</oai_dc:dc>