<oai_dc:dc xmlns:oai_dc="http://www.openarchives.org/OAI/2.0/oai_dc/" xmlns:dc="http://purl.org/dc/elements/1.1/" xmlns:xsi="http://www.w3.org/2001/XMLSchema-instance" xsi:schemaLocation="http://www.openarchives.org/OAI/2.0/oai_dc/  http://www.openarchives.org/OAI/2.0/oai_dc.xsd">
  <dc:title>Global Value Chains Meet Innovation Systems: Are there Learning Opportunities for Developing Countries?</dc:title>
  <dc:creator>C. Pietrobelli</dc:creator>
  <dc:creator>R. Rabellotti</dc:creator>
  <Publisher xmlns="http://www.openarchives.org/OAI/2.0/">Inter-American Development Bank (IDB)</Publisher>
  <dc:date>2010</dc:date>
  <dc:description>&lt;p&gt;Analysis of the role of GVC in accessing knowledge and enhancing learning and innovation. Global Value Chains, Innovation Systems, Governance, Foreign Direct Investment, Learning, Upgrading, Productivity. Three main conclusions emerge from the analytical framework and evidence presented in this paper. First, learning mechanisms can vary widely within the various forms of governance of GVCs;Second, as innovations systems are “opened” to foreign sources of knowledge, the relationship between GVCs and ISs is nonlinear and endogenous, allowing all actors involved to benefit;Third, the internal governance of a GVC is a dynamic phenomenon that is subject to continuous adjustments and changes, and the nature of the innovation system affects this co-evolution&lt;/p&gt;</dc:description>
  <dc:language>eng</dc:language>
  <dc:subject>ad&amp;case geographical cross cutting</dc:subject>
  <dc:subject>capacity assessment</dc:subject>
  <dc:subject>cd geographical cross cutting</dc:subject>
  <dc:subject>cd level system or policy</dc:subject>
  <dc:subject>cd organizational environment</dc:subject>
  <dc:subject>cd system or policy</dc:subject>
  <dc:subject>development impact market</dc:subject>
  <dc:subject>development impact stakeholder partenership or int</dc:subject>
  <dc:subject>innovation</dc:subject>
  <dc:subject>innovation systems</dc:subject>
  <dc:subject>is actor private</dc:subject>
  <dc:subject>is actor public</dc:subject>
  <dc:subject>is international</dc:subject>
  <dc:type>Unpublished</dc:type>
  <dc:format />
</oai_dc:dc>