<oai_dc:dc xmlns:oai_dc="http://www.openarchives.org/OAI/2.0/oai_dc/" xmlns:dc="http://purl.org/dc/elements/1.1/" xmlns:xsi="http://www.w3.org/2001/XMLSchema-instance" xsi:schemaLocation="http://www.openarchives.org/OAI/2.0/oai_dc/  http://www.openarchives.org/OAI/2.0/oai_dc.xsd">
  <dc:title>Agribusiness and Innovation Systems in Africa</dc:title>
  <dc:creator>K. Larsen</dc:creator>
  <dc:creator>R. Kim</dc:creator>
  <dc:creator>F. Theus</dc:creator>
  <ISBN-Number xmlns="http://www.openarchives.org/OAI/2.0/">9780821379448</ISBN-Number>
  <Publisher xmlns="http://www.openarchives.org/OAI/2.0/">World Bank</Publisher>
  <dc:date>2009</dc:date>
  <dc:description>&lt;p&gt;Links between innovation systems and value chains. Conceptual discussion and case studies in SSA (Ghana, Uganda, Tanzania, Kenya, different food crops). Valuable because the attempt to link innovation systems perspective and the value chain analysis. It touches the “cross” value chain issues, bur not quite clearly&lt;/p&gt;</dc:description>
  <dc:language>eng</dc:language>
  <dc:subject>ad &amp;case africa</dc:subject>
  <dc:subject>africa</dc:subject>
  <dc:subject>cd concept assessment</dc:subject>
  <dc:subject>improving knowledge and capacity of farmers</dc:subject>
  <dc:subject>innovation systems</dc:subject>
  <dc:subject>is actor farmer organization</dc:subject>
  <dc:subject>is actor marke</dc:subject>
  <dc:subject>is institutional</dc:subject>
  <dc:subject>is market</dc:subject>
  <dc:subject>kenya</dc:subject>
  <dc:subject>Tanzania</dc:subject>
  <dc:subject>tis africa</dc:subject>
  <dc:type>Book</dc:type>
  <dc:format />
</oai_dc:dc>