<oai_dc:dc xmlns:oai_dc="http://www.openarchives.org/OAI/2.0/oai_dc/" xmlns:dc="http://purl.org/dc/elements/1.1/" xmlns:xsi="http://www.w3.org/2001/XMLSchema-instance" xsi:schemaLocation="http://www.openarchives.org/OAI/2.0/oai_dc/  http://www.openarchives.org/OAI/2.0/oai_dc.xsd">
  <dc:title>Agricultural Innovation in the Volta River Basin : An Analysis of Changes in Knowledge , Skills and Livelihoods brought about by the Volta Basin Development Challenge</dc:title>
  <dc:creator>K. Lasiter</dc:creator>
  <dc:creator>A. Tarrant</dc:creator>
  <Publisher xmlns="http://www.openarchives.org/OAI/2.0/">Emory University</Publisher>
  <dc:date>2013</dc:date>
  <dc:description>&lt;p&gt;Agriculture innovation, Volt basin development, Ghana, Multi stakeholder platform&lt;/p&gt;</dc:description>
  <dc:language>eng</dc:language>
  <dc:subject>ghana</dc:subject>
  <dc:subject>is</dc:subject>
  <dc:subject>is africa</dc:subject>
  <dc:subject>is farmer organization</dc:subject>
  <dc:subject>multi-stakeholders interactions</dc:subject>
  <dc:type>Thesis</dc:type>
  <dc:format />
</oai_dc:dc>