<oai_dc:dc xmlns:oai_dc="http://www.openarchives.org/OAI/2.0/oai_dc/" xmlns:dc="http://purl.org/dc/elements/1.1/" xmlns:xsi="http://www.w3.org/2001/XMLSchema-instance" xsi:schemaLocation="http://www.openarchives.org/OAI/2.0/oai_dc/  http://www.openarchives.org/OAI/2.0/oai_dc.xsd">
  <dc:title>Institutions as a Fundamental Cause of Long-Run Growth</dc:title>
  <dc:creator>D. Acemoglu</dc:creator>
  <dc:creator>S. Johnson</dc:creator>
  <dc:creator>Ja. Robinson</dc:creator>
  <dc:creator>P. Aghion</dc:creator>
  <dc:creator>D.Steven N.</dc:creator>
  <DOI xmlns="http://www.openarchives.org/OAI/2.0/">10.1016/S1574-0684(05)01006-3</DOI>
  <ISBN-Number xmlns="http://www.openarchives.org/OAI/2.0/">9780444520418</ISBN-Number>
  <Publisher xmlns="http://www.openarchives.org/OAI/2.0/">Elsevier B.V.</Publisher>
  <dc:source>Handbook of Economic Growth</dc:source>
  <dc:date>2005</dc:date>
  <dc:description>&lt;p&gt;This paper develops the empirical and theoretical case that differences in economic institutions are the fundamental cause of differences in economic development. We first document the empirical importance of institutions by focusing on two "quasi-natural experiments" in history, the division of Korea into two parts with very different economic institutions and the colonization of much of the world by European powers starting in the fifteenth century. We then develop the basic outline of a framework for thinking about why economic institutions differ across countries. Economic institutions determine the incentives of and the constraints on economic actors, and shape economic outcomes. As such, they are social decisions, chosen for their consequences. Because different groups and individuals typically benefit from different economic institutions, there is generally a conflict over these social choices, ultimately resolved in favor of groups with greater political power. The distribution of political power in society is in turn determined by political institutions and the distribution of resources. Political institutions allocate de jure political power, while groups with greater economic might typically possess greater de facto political power. We therefore view the appropriate theoretical framework as a dynamic one with political institutions and the distribution of resources as the state variables. These variables themselves change over time because prevailing economic institutions affect the distribution of resources, and because groups with de facto political power today strive to change political institutions in order to increase their de jure political power in the future. Economic institutions encouraging economic growth emerge when political institutions allocate power to groups with interests in broad-based property rights enforcement, when they create effective constraints on power-holders, and when there are relatively few rents to be captured by power-holders. We illustrate the assumptions, the workings and the implications of this framework using a number of historical examples.&lt;/p&gt;</dc:description>
  <dc:language>eng</dc:language>
  <dc:subject>cd</dc:subject>
  <dc:subject>cd geographical cross-cutting</dc:subject>
  <dc:subject>cd institutional</dc:subject>
  <dc:subject>conflict</dc:subject>
  <dc:subject>development</dc:subject>
  <dc:subject>distributions</dc:subject>
  <dc:subject>efficiency</dc:subject>
  <dc:subject>growth</dc:subject>
  <dc:subject>institutions</dc:subject>
  <dc:subject>political power</dc:subject>
  <dc:subject>property rights</dc:subject>
  <dc:subject>rents</dc:subject>
  <dc:type>Book Chapter</dc:type>
  <dc:format>385–472</dc:format>
</oai_dc:dc>