<oai_dc:dc xmlns:oai_dc="http://www.openarchives.org/OAI/2.0/oai_dc/" xmlns:dc="http://purl.org/dc/elements/1.1/" xmlns:xsi="http://www.w3.org/2001/XMLSchema-instance" xsi:schemaLocation="http://www.openarchives.org/OAI/2.0/oai_dc/  http://www.openarchives.org/OAI/2.0/oai_dc.xsd">
  <dc:title>Monitoring of Sahiwal and Friesian cattle genetic improvement programmes in Kenya</dc:title>
  <dc:creator>N. Mpofu</dc:creator>
  <dc:creator>J.E.O. Rege</dc:creator>
  <dc:date>2002</dc:date>
  <dc:language>eng</dc:language>
  <dc:subject>kenya</dc:subject>
  <dc:subject>m&amp;e africa</dc:subject>
  <dc:subject>m&amp;e tools</dc:subject>
  <dc:type>Journal Article</dc:type>
  <dc:format>1–5</dc:format>
</oai_dc:dc>