<oai_dc:dc xmlns:oai_dc="http://www.openarchives.org/OAI/2.0/oai_dc/" xmlns:dc="http://purl.org/dc/elements/1.1/" xmlns:xsi="http://www.w3.org/2001/XMLSchema-instance" xsi:schemaLocation="http://www.openarchives.org/OAI/2.0/oai_dc/  http://www.openarchives.org/OAI/2.0/oai_dc.xsd">
  <dc:title>Workshop Report from the CGIAR Capacity Development Community of Practice</dc:title>
  <dc:creator>N. Manning-Thomas</dc:creator>
  <Publisher xmlns="http://www.openarchives.org/OAI/2.0/">CGIAR</Publisher>
  <dc:date>2013</dc:date>
  <dc:language>eng</dc:language>
  <dc:subject>agricultural innovation</dc:subject>
  <dc:subject>Cap</dc:subject>
  <dc:subject>capacity development</dc:subject>
  <dc:subject>CGIAR</dc:subject>
  <dc:subject>CGIAR Consortium</dc:subject>
  <dc:subject>kenya</dc:subject>
  <dc:type>Miscellaneous</dc:type>
  <dc:format />
</oai_dc:dc>