<oai_dc:dc xmlns:oai_dc="http://www.openarchives.org/OAI/2.0/oai_dc/" xmlns:dc="http://purl.org/dc/elements/1.1/" xmlns:xsi="http://www.w3.org/2001/XMLSchema-instance" xsi:schemaLocation="http://www.openarchives.org/OAI/2.0/oai_dc/  http://www.openarchives.org/OAI/2.0/oai_dc.xsd">
  <dc:title>Applying innovation system concept in agricultural research for development: A learning module</dc:title>
  <dc:creator>P. Anandajayasekeram</dc:creator>
  <dc:creator>R. Puskur</dc:creator>
  <dc:creator>E. Zerfu</dc:creator>
  <ISBN-Number xmlns="http://www.openarchives.org/OAI/2.0/">9291462373</ISBN-Number>
  <Publisher xmlns="http://www.openarchives.org/OAI/2.0/">International Livestock Research Institute (ILRI)</Publisher>
  <URL xmlns="http://www.openarchives.org/OAI/2.0/">http://mahider.ilri.org/bitstream/handle/10568/167/Innovation_System_Agric_LM.pdf?sequence=1</URL>
  <dc:date>2009</dc:date>
  <dc:description>&lt;p&gt;Improving Productivity and Market Success of Ethiopian Farmers (IPMS)&lt;/p&gt;</dc:description>
  <dc:language>eng</dc:language>
  <dc:subject>impact assessment</dc:subject>
  <dc:subject>innovation policies</dc:subject>
  <dc:subject>innovation systems</dc:subject>
  <dc:subject>is institutional</dc:subject>
  <dc:subject>is research</dc:subject>
  <dc:subject>learning&amp;facilitation</dc:subject>
  <dc:subject>m&amp;e</dc:subject>
  <dc:type>Book</dc:type>
  <dc:format>321</dc:format>
</oai_dc:dc>