<oai_dc:dc xmlns:oai_dc="http://www.openarchives.org/OAI/2.0/oai_dc/" xmlns:dc="http://purl.org/dc/elements/1.1/" xmlns:xsi="http://www.w3.org/2001/XMLSchema-instance" xsi:schemaLocation="http://www.openarchives.org/OAI/2.0/oai_dc/  http://www.openarchives.org/OAI/2.0/oai_dc.xsd">
  <dc:title>Similarities Among FARA-Led IAR4D Innovation Platforms</dc:title>
  <dc:creator>S. Nokoe</dc:creator>
  <dc:creator>A.A. Adekunle</dc:creator>
  <dc:creator>A.B. Ayanwale</dc:creator>
  <dc:source>European Scientific Journal</dc:source>
  <dc:date>2012</dc:date>
  <dc:description>&lt;p&gt;Comparison of the performance of a number of innovation platforms on which FARA is involved, highlighting key factors which may influence differences in innovation performance results.&lt;/p&gt;</dc:description>
  <dc:language>eng</dc:language>
  <dc:subject>africa</dc:subject>
  <dc:subject>capacity development</dc:subject>
  <dc:subject>clustering</dc:subject>
  <dc:subject>cohesiveness</dc:subject>
  <dc:subject>environment</dc:subject>
  <dc:subject>food security</dc:subject>
  <dc:subject>impact</dc:subject>
  <dc:subject>impact assessments</dc:subject>
  <dc:subject>innovation systems</dc:subject>
  <dc:subject>is africa</dc:subject>
  <dc:subject>is farmer organizations</dc:subject>
  <dc:subject>is knowledge and learning</dc:subject>
  <dc:subject>is research</dc:subject>
  <dc:subject>multi-stakeholders interactions</dc:subject>
  <dc:subject>sub-saharan africa</dc:subject>
  <dc:type>Journal Article</dc:type>
  <dc:format>472–484</dc:format>
</oai_dc:dc>