<oai_dc:dc xmlns:oai_dc="http://www.openarchives.org/OAI/2.0/oai_dc/" xmlns:dc="http://purl.org/dc/elements/1.1/" xmlns:xsi="http://www.w3.org/2001/XMLSchema-instance" xsi:schemaLocation="http://www.openarchives.org/OAI/2.0/oai_dc/  http://www.openarchives.org/OAI/2.0/oai_dc.xsd">
  <dc:title>Innovation Systems in a Global Economy</dc:title>
  <dc:creator>D. Archibugi</dc:creator>
  <DOI xmlns="http://www.openarchives.org/OAI/2.0/">10.1080/095373299107311</DOI>
  <Publisher xmlns="http://www.openarchives.org/OAI/2.0/">Centre for Research on Innovation and Competition, The University of Manchester</Publisher>
  <dc:source>Technology Analysis</dc:source>
  <dc:date>1998</dc:date>
  <dc:language>eng</dc:language>
  <dc:subject>global knowledge economy</dc:subject>
  <dc:subject>innovation systems</dc:subject>
  <dc:type>Unpublished</dc:type>
  <dc:format />
</oai_dc:dc>