<oai_dc:dc xmlns:oai_dc="http://www.openarchives.org/OAI/2.0/oai_dc/" xmlns:dc="http://purl.org/dc/elements/1.1/" xmlns:xsi="http://www.w3.org/2001/XMLSchema-instance" xsi:schemaLocation="http://www.openarchives.org/OAI/2.0/oai_dc/  http://www.openarchives.org/OAI/2.0/oai_dc.xsd">
  <dc:title>Tracking Capacity Development for More Sustainable Results</dc:title>
  <dc:creator>P. Kalas</dc:creator>
  <Publisher xmlns="http://www.openarchives.org/OAI/2.0/">Food and Agriculture Organization of the United Nations (FAO)</Publisher>
  <dc:date>2014</dc:date>
  <dc:language>eng</dc:language>
  <dc:subject>cd</dc:subject>
  <dc:type>Conference Paper</dc:type>
  <dc:format />
</oai_dc:dc>