<oai_dc:dc xmlns:oai_dc="http://www.openarchives.org/OAI/2.0/oai_dc/" xmlns:dc="http://purl.org/dc/elements/1.1/" xmlns:xsi="http://www.w3.org/2001/XMLSchema-instance" xsi:schemaLocation="http://www.openarchives.org/OAI/2.0/oai_dc/  http://www.openarchives.org/OAI/2.0/oai_dc.xsd">
  <dc:title>Creating Sustainable Science</dc:title>
  <dc:creator>W. Bank</dc:creator>
  <DOI xmlns="http://www.openarchives.org/OAI/2.0/">10.1086/649274</DOI>
  <ISBN-Number xmlns="http://www.openarchives.org/OAI/2.0/">0415213576$backslash$r0415213584 (pbk.)</ISBN-Number>
  <Publisher xmlns="http://www.openarchives.org/OAI/2.0/">World Bank</Publisher>
  <dc:date>2010</dc:date>
  <dc:description>&lt;p&gt;Background note for the development of an AIS Investment Sourcebook that provides a menu of tools and guidance to invest in agricultural innovation in different contexts. The content is drawn on tested good practice examples and innovative approaches with emphasis on lessons learned, benefits and impacts, implementation issues, and replicability&lt;/p&gt;</dc:description>
  <dc:language>eng</dc:language>
  <dc:subject>capacity develoment</dc:subject>
  <dc:subject>cd knowledge and learning</dc:subject>
  <dc:subject>is</dc:subject>
  <dc:subject>is institutional</dc:subject>
  <dc:type>Miscellaneous</dc:type>
  <dc:format>201–216</dc:format>
</oai_dc:dc>