<oai_dc:dc xmlns:oai_dc="http://www.openarchives.org/OAI/2.0/oai_dc/" xmlns:dc="http://purl.org/dc/elements/1.1/" xmlns:xsi="http://www.w3.org/2001/XMLSchema-instance" xsi:schemaLocation="http://www.openarchives.org/OAI/2.0/oai_dc/  http://www.openarchives.org/OAI/2.0/oai_dc.xsd">
  <dc:title>Climate change communication and social learning - Review and strategy development for CCAFS</dc:title>
  <dc:creator>B. Harvey</dc:creator>
  <dc:creator>J. Ensor</dc:creator>
  <dc:creator>L. Carlile</dc:creator>
  <dc:creator>B. Garside</dc:creator>
  <Publisher xmlns="http://www.openarchives.org/OAI/2.0/">CGIAR Research Program on Climate Change, Agriculture and Food Security (CCAFS)</Publisher>
  <dc:date>2012</dc:date>
  <dc:language>eng</dc:language>
  <dc:subject>climate change</dc:subject>
  <dc:subject>l&amp;f organizational</dc:subject>
  <dc:subject>l&amp;f social</dc:subject>
  <dc:subject>learning&amp;facilitation</dc:subject>
  <dc:type>Unpublished</dc:type>
  <dc:format />
</oai_dc:dc>