<oai_dc:dc xmlns:oai_dc="http://www.openarchives.org/OAI/2.0/oai_dc/" xmlns:dc="http://purl.org/dc/elements/1.1/" xmlns:xsi="http://www.w3.org/2001/XMLSchema-instance" xsi:schemaLocation="http://www.openarchives.org/OAI/2.0/oai_dc/  http://www.openarchives.org/OAI/2.0/oai_dc.xsd">
  <dc:title>Gathering of Wild Food Plants in Anthropogenic Environments across the Seasons: Implications for Poor and Vulnerable Farm Households.</dc:title>
  <dc:creator>G.S. Cruz-Garcia</dc:creator>
  <dc:creator>L.L. Price</dc:creator>
  <DOI xmlns="http://www.openarchives.org/OAI/2.0/">10.1080/03670244.2013.808631</DOI>
  <ISBN-Number xmlns="http://www.openarchives.org/OAI/2.0/">0367-0244</ISBN-Number>
  <dc:source>Ecology of food and nutrition</dc:source>
  <URL xmlns="http://www.openarchives.org/OAI/2.0/">http://dx.doi.org/10.1080/03670244.2013.808631</URL>
  <dc:date>2014</dc:date>
  <dc:description>&lt;p&gt;This article presents the results of a study conducted in Northeast Thailand on wild food plant gathering in anthropogenic areas and the implications for vulnerable households. A sub-sample of 40 farming households was visited every month to conduct seven-day recalls over a 12-month period on wild food plant acquisition events. Results show that these plants are an essential part of the diet, constituting a "rural safety net" particularly for vulnerable households. Findings reveal that anthropogenic environments have seasonal complementarity throughout the year with respect to wild food gathering and farmer's gathering of wild food plants from anthropogenic environments complements seasonal crop availability. This study contributes to a deeper understanding of these plants as a household asset and their potential contribution to household well-being. The results of this study furthers our understanding of dietary traditions and the scientific challenge of the partitions that have for decades divided agriculturalists and gatherers.&lt;/p&gt;</dc:description>
  <dc:language>eng</dc:language>
  <dc:subject>asia</dc:subject>
  <dc:subject>km</dc:subject>
  <dc:subject>small farmers</dc:subject>
  <dc:type>Journal Article</dc:type>
  <dc:format>363–89</dc:format>
</oai_dc:dc>