<oai_dc:dc xmlns:oai_dc="http://www.openarchives.org/OAI/2.0/oai_dc/" xmlns:dc="http://purl.org/dc/elements/1.1/" xmlns:xsi="http://www.w3.org/2001/XMLSchema-instance" xsi:schemaLocation="http://www.openarchives.org/OAI/2.0/oai_dc/  http://www.openarchives.org/OAI/2.0/oai_dc.xsd">
  <dc:title>Land Use Status and Trends in Amazonia</dc:title>
  <dc:creator>A. Coca-castro</dc:creator>
  <dc:creator>L. Reymondin</dc:creator>
  <dc:creator>H. Bellfield</dc:creator>
  <dc:creator>G. Hyman</dc:creator>
  <Publisher xmlns="http://www.openarchives.org/OAI/2.0/">Terra-i</Publisher>
  <dc:date>2013</dc:date>
  <dc:language>eng</dc:language>
  <dc:subject>m&amp;e latin america</dc:subject>
  <dc:subject>m&amp;e tools</dc:subject>
  <dc:type>Miscellaneous</dc:type>
  <dc:format />
</oai_dc:dc>