<oai_dc:dc xmlns:oai_dc="http://www.openarchives.org/OAI/2.0/oai_dc/" xmlns:dc="http://purl.org/dc/elements/1.1/" xmlns:xsi="http://www.w3.org/2001/XMLSchema-instance" xsi:schemaLocation="http://www.openarchives.org/OAI/2.0/oai_dc/  http://www.openarchives.org/OAI/2.0/oai_dc.xsd">
  <dc:title>The “New Extensionist”: Roles, Strategies, and Capacities to Strengthen Extension and Advisory Services</dc:title>
  <dc:creator>R. Sulaiman</dc:creator>
  <dc:creator>K. Davis</dc:creator>
  <Publisher xmlns="http://www.openarchives.org/OAI/2.0/">Global Forum for Rural Advisory Services (GFRAS)</Publisher>
  <URL xmlns="http://www.openarchives.org/OAI/2.0/">http://www.g-fras.org/en/knowledge/gfras-publications/file/126-the-new-extensionist-position-paper?start=20</URL>
  <dc:date>2012</dc:date>
  <dc:description>&lt;p&gt;Extension and advisory services (EAS) 1 play an important role in agricultural development. However, these services need new capacities to address the current challenges in agriculture and to contribute better to agricultural innovation – a process that that requires interactions and knowledge flows among a wide range of actors in the agricultural innovation system (AIS).&lt;/p&gt;</dc:description>
  <dc:language>eng</dc:language>
  <dc:subject>innovation systems</dc:subject>
  <dc:subject>is extension</dc:subject>
  <dc:type>Miscellaneous</dc:type>
  <dc:format />
</oai_dc:dc>