<oai_dc:dc xmlns:oai_dc="http://www.openarchives.org/OAI/2.0/oai_dc/" xmlns:dc="http://purl.org/dc/elements/1.1/" xmlns:xsi="http://www.w3.org/2001/XMLSchema-instance" xsi:schemaLocation="http://www.openarchives.org/OAI/2.0/oai_dc/  http://www.openarchives.org/OAI/2.0/oai_dc.xsd">
  <dc:title>Partnering for change in chains: The capacity of partnerships to promote sustainable change in global agrifood chains</dc:title>
  <dc:creator>V. Bitzer</dc:creator>
  <ISBN-Number xmlns="http://www.openarchives.org/OAI/2.0/">9789461081315</ISBN-Number>
  <dc:source>International Food and Agribusiness Management Review</dc:source>
  <dc:date>2012</dc:date>
  <dc:description>&lt;p&gt;Intersectoral partnerships mirror the changing nature of the relationships among state, business and civil society organizations, and are often considered innovative mechanisms to overcome single actor failure in the context of globalization. This article analyzes the capacity of partnerships to promote sustainable change in global agrifood chains from a governance and a development perspective. The global coffee, cotton, and cocoa chains serve as main fields of application. From a governance perspective, the emergence of partnerships is largely positive inasmuch as partnerships act as initiators and agents of change which, although still mostly confined to niche markets, unfolds a chain-wide governance effect. From a development perspective, partnerships can be viewed critically as their top-down and business-driven natureleads to uncertain benefits for producers and results in the marginalization of certain development concerns. These differing conclusions can be explained by the fact that partnerships largely embody the neoliberal agenda, which raises specific questions, particularly from a development perspective. © 2012 International Food and Agribusiness Management Association (IFAMA).&lt;/p&gt;</dc:description>
  <dc:language>eng</dc:language>
  <dc:subject>Agrifood chains</dc:subject>
  <dc:subject>development</dc:subject>
  <dc:subject>Governance</dc:subject>
  <dc:subject>innovation policies</dc:subject>
  <dc:subject>innovations systems</dc:subject>
  <dc:subject>Intersectoral partnerships</dc:subject>
  <dc:subject>is governance</dc:subject>
  <dc:subject>is institutional</dc:subject>
  <dc:subject>is partnership</dc:subject>
  <dc:subject>Sustainable change</dc:subject>
  <dc:type>Journal Article</dc:type>
  <dc:format>13–38</dc:format>
</oai_dc:dc>