<oai_dc:dc xmlns:oai_dc="http://www.openarchives.org/OAI/2.0/oai_dc/" xmlns:dc="http://purl.org/dc/elements/1.1/" xmlns:xsi="http://www.w3.org/2001/XMLSchema-instance" xsi:schemaLocation="http://www.openarchives.org/OAI/2.0/oai_dc/  http://www.openarchives.org/OAI/2.0/oai_dc.xsd">
  <dc:title>Studying Rural Innovation Management: a Framework and Early Findings from Riu in South Asia</dc:title>
  <dc:creator>R.Sulaiman V.</dc:creator>
  <dc:creator>A. Hall</dc:creator>
  <dc:creator>V. Reddy</dc:creator>
  <DOI xmlns="http://www.openarchives.org/OAI/2.0/">10.1371/journal.pone.0051412</DOI>
  <ISBN-Number xmlns="http://www.openarchives.org/OAI/2.0/">9781781182109</ISBN-Number>
  <Publisher xmlns="http://www.openarchives.org/OAI/2.0/">Department for International Development (DFID)</Publisher>
  <dc:source>PLoS ONE</dc:source>
  <URL xmlns="http://www.openarchives.org/OAI/2.0/">http://journal.km4dev.org/index.php/km4dj/article/viewFile/155/262</URL>
  <dc:date>2010</dc:date>
  <dc:description>&lt;p&gt;This paper discusses a methodology to model precipitation indices and premium prices for index-based drought insurance for smallholders. Spatial basis risk, which is borne by the insured, is a problem, especially in variable topography. Also, site-specific drought risk needs to be estimated accurately in order to offer effective insurance cover and ensure financial sustainability of the insurance scheme. We explore farmers' perceptions on drought and spatial climate variability and draw conclusions concerning basis risk with regards to the proposed methodology. There are technically many options to represent natural heterogeneity in index insurance contracts while serving the customer adequately and keeping transaction costs low.&lt;/p&gt;</dc:description>
  <dc:language>eng</dc:language>
  <dc:subject>Actions</dc:subject>
  <dc:subject>agricultural research</dc:subject>
  <dc:subject>development</dc:subject>
  <dc:subject>Functions</dc:subject>
  <dc:subject>innovation</dc:subject>
  <dc:subject>Innovation management</dc:subject>
  <dc:subject>Innovation trajectory</dc:subject>
  <dc:subject>is</dc:subject>
  <dc:subject>is asia</dc:subject>
  <dc:subject>is research</dc:subject>
  <dc:subject>Organisational format</dc:subject>
  <dc:subject>Policy</dc:subject>
  <dc:subject>south asia</dc:subject>
  <dc:subject>tools</dc:subject>
  <dc:subject>Value chain Development</dc:subject>
  <dc:type>Miscellaneous</dc:type>
  <dc:format>1–11</dc:format>
</oai_dc:dc>