<oai_dc:dc xmlns:oai_dc="http://www.openarchives.org/OAI/2.0/oai_dc/" xmlns:dc="http://purl.org/dc/elements/1.1/" xmlns:xsi="http://www.w3.org/2001/XMLSchema-instance" xsi:schemaLocation="http://www.openarchives.org/OAI/2.0/oai_dc/  http://www.openarchives.org/OAI/2.0/oai_dc.xsd">
  <dc:title>Overview of WBI ’ s Capacity Development and Results Framework: Approach to guide the Assessment, Design, Monitoring, and Evaluation of Capacity Development Efforts</dc:title>
  <dc:creator>W.Bank Institute</dc:creator>
  <Publisher xmlns="http://www.openarchives.org/OAI/2.0/">World Bank Institute</Publisher>
  <dc:date>2011</dc:date>
  <dc:language>eng</dc:language>
  <dc:subject>cd</dc:subject>
  <dc:subject>cd tools</dc:subject>
  <dc:subject>impact assessment</dc:subject>
  <dc:subject>innovation policies</dc:subject>
  <dc:subject>m&amp;e</dc:subject>
  <dc:type>Miscellaneous</dc:type>
  <dc:format>1–3</dc:format>
</oai_dc:dc>