<oai_dc:dc xmlns:oai_dc="http://www.openarchives.org/OAI/2.0/oai_dc/" xmlns:dc="http://purl.org/dc/elements/1.1/" xmlns:xsi="http://www.w3.org/2001/XMLSchema-instance" xsi:schemaLocation="http://www.openarchives.org/OAI/2.0/oai_dc/  http://www.openarchives.org/OAI/2.0/oai_dc.xsd">
  <dc:title>Integrated Agricultural Research for Development</dc:title>
  <dc:creator>H. Richard</dc:creator>
  <dc:creator>H. Willem</dc:creator>
  <dc:creator>B. Robert</dc:creator>
  <dc:creator>D. Jon</dc:creator>
  <dc:creator>M. Arno</dc:creator>
  <Publisher xmlns="http://www.openarchives.org/OAI/2.0/">Forum for Agricultural Resarch in Africa (FARA)</Publisher>
  <dc:date>2009</dc:date>
  <dc:language>eng</dc:language>
  <dc:subject>africa</dc:subject>
  <dc:subject>cd</dc:subject>
  <dc:subject>cd indivivual</dc:subject>
  <dc:subject>cd systems</dc:subject>
  <dc:subject>innovation systems</dc:subject>
  <dc:subject>is research</dc:subject>
  <dc:type>Unpublished</dc:type>
  <dc:format />
</oai_dc:dc>