<oai_dc:dc xmlns:oai_dc="http://www.openarchives.org/OAI/2.0/oai_dc/" xmlns:dc="http://purl.org/dc/elements/1.1/" xmlns:xsi="http://www.w3.org/2001/XMLSchema-instance" xsi:schemaLocation="http://www.openarchives.org/OAI/2.0/oai_dc/  http://www.openarchives.org/OAI/2.0/oai_dc.xsd">
  <dc:title>CCAFS Theory of Change Facilitation Guide</dc:title>
  <dc:creator>C. Jost</dc:creator>
  <dc:creator>S. Alvarez</dc:creator>
  <dc:creator>T. Schuetz</dc:creator>
  <Publisher xmlns="http://www.openarchives.org/OAI/2.0/">CGIAR Research Program on Climate Change, Agriculture and Food Security (CCAFS)</Publisher>
  <URL xmlns="http://www.openarchives.org/OAI/2.0/">https://cgspace.cgiar.org/bitstream/handle/10568/41674/CCAFS TOC facilitation 2014 FINAL.pdf?sequence=1</URL>
  <dc:date>2014</dc:date>
  <dc:language>eng</dc:language>
  <dc:subject>learning&amp;facilitation</dc:subject>
  <dc:subject>lf organizational</dc:subject>
  <dc:type>Miscellaneous</dc:type>
  <dc:format>1––117</dc:format>
</oai_dc:dc>