<oai_dc:dc xmlns:oai_dc="http://www.openarchives.org/OAI/2.0/oai_dc/" xmlns:dc="http://purl.org/dc/elements/1.1/" xmlns:xsi="http://www.w3.org/2001/XMLSchema-instance" xsi:schemaLocation="http://www.openarchives.org/OAI/2.0/oai_dc/  http://www.openarchives.org/OAI/2.0/oai_dc.xsd">
  <dc:title>Multilevel Stakeholder Influence Mapping in Climate Change Adaptation Regimes</dc:title>
  <dc:creator>S. Chase</dc:creator>
  <dc:creator>H. Ariella</dc:creator>
  <dc:creator>C. Abrar</dc:creator>
  <ISBN-Number xmlns="http://www.openarchives.org/OAI/2.0/">9788275537155</ISBN-Number>
  <Publisher xmlns="http://www.openarchives.org/OAI/2.0/">CGIAR Research Program on Climate Change, Agriculture and Food Security (CCAFS)</Publisher>
  <dc:date>2007</dc:date>
  <dc:language>eng</dc:language>
  <dc:subject>asia</dc:subject>
  <dc:subject>cd</dc:subject>
  <dc:subject>cd individual</dc:subject>
  <dc:subject>cd organizational</dc:subject>
  <dc:subject>climate change</dc:subject>
  <dc:subject>knowledge and information sharing</dc:subject>
  <dc:subject>nepal</dc:subject>
  <dc:subject>small holders</dc:subject>
  <dc:type>Unpublished</dc:type>
  <dc:format />
</oai_dc:dc>