<oai_dc:dc xmlns:oai_dc="http://www.openarchives.org/OAI/2.0/oai_dc/" xmlns:dc="http://purl.org/dc/elements/1.1/" xmlns:xsi="http://www.w3.org/2001/XMLSchema-instance" xsi:schemaLocation="http://www.openarchives.org/OAI/2.0/oai_dc/  http://www.openarchives.org/OAI/2.0/oai_dc.xsd">
  <dc:title>Sustaining aquaculture by developing human capacity and enhancing opportunities for women</dc:title>
  <dc:creator>W. M.J.</dc:creator>
  <dc:creator>A. R.</dc:creator>
  <dc:creator>B. R.</dc:creator>
  <dc:creator>B.R. M.G.</dc:creator>
  <Publisher xmlns="http://www.openarchives.org/OAI/2.0/">Global Conference on Aquaculture</Publisher>
  <dc:date>2010</dc:date>
  <dc:language>eng</dc:language>
  <dc:subject>cd</dc:subject>
  <dc:subject>cd gender</dc:subject>
  <dc:subject>gender equality</dc:subject>
  <dc:type>Conference Paper</dc:type>
  <dc:format>785–822</dc:format>
</oai_dc:dc>