<oai_dc:dc xmlns:oai_dc="http://www.openarchives.org/OAI/2.0/oai_dc/" xmlns:dc="http://purl.org/dc/elements/1.1/" xmlns:xsi="http://www.w3.org/2001/XMLSchema-instance" xsi:schemaLocation="http://www.openarchives.org/OAI/2.0/oai_dc/  http://www.openarchives.org/OAI/2.0/oai_dc.xsd">
  <dc:title>Research and technology policies in innovation systems: Zero tillage in Brazil</dc:title>
  <dc:creator>J.M. Ekboir</dc:creator>
  <DOI xmlns="http://www.openarchives.org/OAI/2.0/">10.1016/S0048-7333(02)00058-6</DOI>
  <ISBN-Number xmlns="http://www.openarchives.org/OAI/2.0/">0048-7333</ISBN-Number>
  <dc:source>Research Policy</dc:source>
  <dc:date>2003</dc:date>
  <dc:description>&lt;p&gt;The increasing complexity of technology development and adoption is rapidly changing the effectiveness of scientific and technological policies. Complex technologies are developed and disseminated by networks of agents. The impact of these networks depends on the assets they command, their learning routines, the socio-economic environment in which they operate and their history. In this new environment, scientific and technology policies should: (1) foster interactions among agents (whether public or private), (2) increase the effectiveness of public research, extension and funding institutions, (3) give sufficient freedom to researchers to set their research programs, and (4) monitor the quality of research (rather of research outputs). The evolution of innovation networks is analyzed looking at the development and diffusion of zero tillage (ZT) in Brazil. ?? 2002 Elsevier Science B.V. All rights reserved.&lt;/p&gt;</dc:description>
  <dc:language>eng</dc:language>
  <dc:subject>brazil</dc:subject>
  <dc:subject>Complex technologies</dc:subject>
  <dc:subject>Complexity</dc:subject>
  <dc:subject>impact study</dc:subject>
  <dc:subject>Innovation networks</dc:subject>
  <dc:subject>innovation systems</dc:subject>
  <dc:subject>is extension</dc:subject>
  <dc:subject>latin america</dc:subject>
  <dc:subject>m&amp;e</dc:subject>
  <dc:subject>Participatory research</dc:subject>
  <dc:type>Journal Article</dc:type>
  <dc:format>573–586</dc:format>
</oai_dc:dc>