<oai_dc:dc xmlns:oai_dc="http://www.openarchives.org/OAI/2.0/oai_dc/" xmlns:dc="http://purl.org/dc/elements/1.1/" xmlns:xsi="http://www.w3.org/2001/XMLSchema-instance" xsi:schemaLocation="http://www.openarchives.org/OAI/2.0/oai_dc/  http://www.openarchives.org/OAI/2.0/oai_dc.xsd">
  <dc:title>The Challange of Capacity Development: working towards good practice</dc:title>
  <dc:creator />
  <Publisher xmlns="http://www.openarchives.org/OAI/2.0/">Organisation for Economic Co-operation and Development (OECD)</Publisher>
  <dc:date>2006</dc:date>
  <dc:language>eng</dc:language>
  <dc:subject>afghanistan</dc:subject>
  <dc:subject>africa</dc:subject>
  <dc:subject>asia</dc:subject>
  <dc:subject>cd</dc:subject>
  <dc:subject>cd organizational</dc:subject>
  <dc:subject>ethiopia</dc:subject>
  <dc:subject>indonesia</dc:subject>
  <dc:subject>nigeria</dc:subject>
  <dc:subject>sri lanka</dc:subject>
  <dc:subject>Tanzania</dc:subject>
  <dc:type>Miscellaneous</dc:type>
  <dc:format />
</oai_dc:dc>