<oai_dc:dc xmlns:oai_dc="http://www.openarchives.org/OAI/2.0/oai_dc/" xmlns:dc="http://purl.org/dc/elements/1.1/" xmlns:xsi="http://www.w3.org/2001/XMLSchema-instance" xsi:schemaLocation="http://www.openarchives.org/OAI/2.0/oai_dc/  http://www.openarchives.org/OAI/2.0/oai_dc.xsd">
  <dc:title>Beyond Knowledge Brokerage: an exploratory study of innovation intermediaries in an evolving smallholder agricultural system in Kenya</dc:title>
  <dc:creator>C. Kilele</dc:creator>
  <dc:creator>L. Klerkx</dc:creator>
  <dc:creator>C. Leeuwis</dc:creator>
  <dc:creator>H. Andy</dc:creator>
  <Publisher xmlns="http://www.openarchives.org/OAI/2.0/">Department for International Development (DFID)</Publisher>
  <dc:date>2011</dc:date>
  <dc:language>eng</dc:language>
  <dc:subject>africa</dc:subject>
  <dc:subject>innovation systems</dc:subject>
  <dc:subject>kenya</dc:subject>
  <dc:subject>knowledge and information sharing</dc:subject>
  <dc:subject>knowledge and learning</dc:subject>
  <dc:subject>learning&amp;facilitation</dc:subject>
  <dc:subject>small holders</dc:subject>
  <dc:type>Unpublished</dc:type>
  <dc:format />
</oai_dc:dc>