<oai_dc:dc xmlns:oai_dc="http://www.openarchives.org/OAI/2.0/oai_dc/" xmlns:dc="http://purl.org/dc/elements/1.1/" xmlns:xsi="http://www.w3.org/2001/XMLSchema-instance" xsi:schemaLocation="http://www.openarchives.org/OAI/2.0/oai_dc/  http://www.openarchives.org/OAI/2.0/oai_dc.xsd">
  <dc:title>Against the grain and to the roots: Maize and cassava innovation platforms in West and Central Africa</dc:title>
  <dc:creator>S. Sanyang</dc:creator>
  <dc:creator>R. Pyburn</dc:creator>
  <dc:creator>R. Mur</dc:creator>
  <dc:creator>G. Audet-Belanger</dc:creator>
  <ISBN-Number xmlns="http://www.openarchives.org/OAI/2.0/">9789460223648</ISBN-Number>
  <Publisher xmlns="http://www.openarchives.org/OAI/2.0/">LM Publishers</Publisher>
  <dc:date>2014</dc:date>
  <dc:language>eng</dc:language>
  <dc:subject>burkina fasu</dc:subject>
  <dc:subject>cameroon</dc:subject>
  <dc:subject>central africa</dc:subject>
  <dc:subject>gambia</dc:subject>
  <dc:subject>gender equity</dc:subject>
  <dc:subject>innovation platforms</dc:subject>
  <dc:subject>innovation systems</dc:subject>
  <dc:subject>knowledge and information sharing</dc:subject>
  <dc:subject>mali</dc:subject>
  <dc:subject>republic of congo</dc:subject>
  <dc:subject>sierra leone</dc:subject>
  <dc:subject>west africa</dc:subject>
  <dc:type>Book</dc:type>
  <dc:format />
</oai_dc:dc>