<oai_dc:dc xmlns:oai_dc="http://www.openarchives.org/OAI/2.0/oai_dc/" xmlns:dc="http://purl.org/dc/elements/1.1/" xmlns:xsi="http://www.w3.org/2001/XMLSchema-instance" xsi:schemaLocation="http://www.openarchives.org/OAI/2.0/oai_dc/  http://www.openarchives.org/OAI/2.0/oai_dc.xsd">
  <dc:title>Postharvest innovation in developing societies: The institutional dimensions of technological change</dc:title>
  <dc:creator>S. Vellema</dc:creator>
  <DOI xmlns="http://www.openarchives.org/OAI/2.0/">10.2212/spr.2008.5.2</DOI>
  <ISBN-Number xmlns="http://www.openarchives.org/OAI/2.0/">1745-9656</ISBN-Number>
  <dc:source>Stewart Postharvest Review</dc:source>
  <dc:date>2008</dc:date>
  <dc:description>&lt;p&gt;This review aims to introduce the institutional and policy oriented literature on technological innovation into the context of postharvest engineering. The focus is how rigorous quality and food safety standards in cross-border agricultural and horticultural trade influence technological change up stream in the agri-food chain. The review presents a selection of literature that considers technological innovation as a process, with a specific focus on the enabling and constraining institutional conditions found in developing countries. The literature is grouped into three thematically defined frames: (i) interaction in systems of innovation; (ii) upgrading in value chains; and (iii) converging to pro-poor business models. Findings: This review shows that the efficacy of innovation policies and strategies are not only related to technical choices supporting agricultural producers and small and medium sized food processing firms, but also to the institutional linkages and architectures in which innovation and technological change are embedded. Another important finding of the review is that although technology-oriented literature acknowledges the relevance of institutional and policy dimensions as well as the systemic nature of technological change, there is little connectivity between this literature and the scholarly work on technological innovation found in the social sciences and development studies. Implications: The capacity to design and implement studies that combine an in-depth understanding of specific technological performance problems with novel institutional linkages is needed for enabling innovative capabilities in developing countries. Directions for future research: Integrative research programs may be necessary to unravel the interdependencies between technological change and the social-economic and institutional environment in order to inform policy frameworks and business strategies to enhance innovation.&lt;/p&gt;</dc:description>
  <dc:language>eng</dc:language>
  <dc:subject>ad&amp;case</dc:subject>
  <dc:subject>Agri-food chains</dc:subject>
  <dc:subject>cd institutional</dc:subject>
  <dc:subject>Developing Countries</dc:subject>
  <dc:subject>Innovation policy</dc:subject>
  <dc:subject>Institutional arrangements</dc:subject>
  <dc:subject>Quality standards</dc:subject>
  <dc:subject>Voluntary regulation</dc:subject>
  <dc:type>Journal Article</dc:type>
  <dc:format />
</oai_dc:dc>