<oai_dc:dc xmlns:oai_dc="http://www.openarchives.org/OAI/2.0/oai_dc/" xmlns:dc="http://purl.org/dc/elements/1.1/" xmlns:xsi="http://www.w3.org/2001/XMLSchema-instance" xsi:schemaLocation="http://www.openarchives.org/OAI/2.0/oai_dc/  http://www.openarchives.org/OAI/2.0/oai_dc.xsd">
  <dc:title>Strenghtening Organizational Capacity to Enhance Community Food Security</dc:title>
  <dc:creator>R. Maryce</dc:creator>
  <Publisher xmlns="http://www.openarchives.org/OAI/2.0/">Catholic Relief Services</Publisher>
  <dc:date>2008</dc:date>
  <dc:language>eng</dc:language>
  <dc:subject>africa</dc:subject>
  <dc:subject>cd environment</dc:subject>
  <dc:subject>cd organizational</dc:subject>
  <dc:subject>niger</dc:subject>
  <dc:type>Miscellaneous</dc:type>
  <dc:format />
</oai_dc:dc>