<oai_dc:dc xmlns:oai_dc="http://www.openarchives.org/OAI/2.0/oai_dc/" xmlns:dc="http://purl.org/dc/elements/1.1/" xmlns:xsi="http://www.w3.org/2001/XMLSchema-instance" xsi:schemaLocation="http://www.openarchives.org/OAI/2.0/oai_dc/  http://www.openarchives.org/OAI/2.0/oai_dc.xsd">
  <dc:title>Agriculture, Food Security and Climate Change: Outlook for Knowledge, Tools and Action</dc:title>
  <dc:creator />
  <Publisher xmlns="http://www.openarchives.org/OAI/2.0/">Climate Change Agriculture and Food Security (CCAFS)</Publisher>
  <dc:date>2010</dc:date>
  <dc:language>eng</dc:language>
  <dc:subject>km</dc:subject>
  <dc:subject>km blended</dc:subject>
  <dc:type>Miscellaneous</dc:type>
  <dc:format>1–16</dc:format>
</oai_dc:dc>