<oai_dc:dc xmlns:oai_dc="http://www.openarchives.org/OAI/2.0/oai_dc/" xmlns:dc="http://purl.org/dc/elements/1.1/" xmlns:xsi="http://www.w3.org/2001/XMLSchema-instance" xsi:schemaLocation="http://www.openarchives.org/OAI/2.0/oai_dc/  http://www.openarchives.org/OAI/2.0/oai_dc.xsd">
  <dc:title>Studying learning and innovation networks – a conceptual and methodological framework</dc:title>
  <dc:creator>H. Moschitz</dc:creator>
  <dc:creator>R. Home</dc:creator>
  <dc:date>2009</dc:date>
  <dc:description>&lt;p&gt;This paper outlines the main concepts and methodology that the SOLINSA project uses in its study of learning and innovation networks. The paper highlights the challenges of this approach that involves stakeholders already in the phase of defining the research objectives and strategies. Results from a first round of application of the conceptual and methodological framework will be presented and discussed.&lt;/p&gt;</dc:description>
  <dc:language>eng</dc:language>
  <dc:subject>africa</dc:subject>
  <dc:subject>cd tools</dc:subject>
  <dc:subject>innovation system</dc:subject>
  <dc:subject>is knowledge and learning</dc:subject>
  <dc:type>Miscellaneous</dc:type>
  <dc:format>1–14</dc:format>
</oai_dc:dc>