<oai_dc:dc xmlns:oai_dc="http://www.openarchives.org/OAI/2.0/oai_dc/" xmlns:dc="http://purl.org/dc/elements/1.1/" xmlns:xsi="http://www.w3.org/2001/XMLSchema-instance" xsi:schemaLocation="http://www.openarchives.org/OAI/2.0/oai_dc/  http://www.openarchives.org/OAI/2.0/oai_dc.xsd">
  <dc:title>Indicators of soil quality: A South-South development of a methodological guide for linking local and technical knowledge</dc:title>
  <dc:creator>E. Barrios</dc:creator>
  <dc:creator>R.J. Delve</dc:creator>
  <dc:creator>M. Bekunda</dc:creator>
  <dc:creator>J. Mowo</dc:creator>
  <dc:creator>J. Agunda</dc:creator>
  <dc:creator>J. Ramisch</dc:creator>
  <dc:creator>M.T. Trejo</dc:creator>
  <dc:creator>R.J. Thomas</dc:creator>
  <DOI xmlns="http://www.openarchives.org/OAI/2.0/">10.1016/j.geoderma.2005.12.007</DOI>
  <ISBN-Number xmlns="http://www.openarchives.org/OAI/2.0/">0016-7061</ISBN-Number>
  <dc:source>Geoderma</dc:source>
  <dc:date>2006</dc:date>
  <dc:description>&lt;p&gt;The increasing attention paid to local soil knowledge results from a greater recognition that farmer knowledge can offer many insights into the sustainable management of tropical soils and that the integration of local and technical knowledge systems helps extension workers and scientists work more closely with farmers. A participatory approach and a methodological guide were developed to identify and classify local indicators of soil quality and relate them to technical soil parameters, and thus develop a common language between farmers, extension workers and scientists. This methodological guide was initially developed and used in Latin America and the Caribbean-LAC (Honduras, Nicaragua, Colombia, Peru, Venezuela, Dominican Republic), and was later improved during adaptation and use in eastern African (Uganda, Tanzania, Kenya, Ethiopia) through a South-South exchange of expertise and experiences. The aim of the methodological guide is to constitute an initial step in the empowerment of local communities to develop a local soil quality monitoring and decision-making system for better management of soil resources. This approach uses consensus building to develop practical solutions to soil management constraints identified, as well as to monitor the impact of management strategies implemented to address these constraints. The particular focus on local and technical indicators of agroecosystem change is useful for providing farmers with early warnings about unobservable changes in soil properties before they lead to more serious and visible forms of soil degradation. The methodological approach presented here constitutes one tool to incorporate local demands and perceptions of soil management constraints as an essential input to relevant research for development activities. The participatory process followed was effective in facilitating farmer consensus; for example, about which soil related constraints were most important and what potential soil management options could be used. Development of local capacities for consensus building constitute a critical step prior to collective action by farming communities resulting in the adoption of integrated soil fertility management strategies at the farm and landscape scale. ?? 2006 Elsevier B.V. All rights reserved.&lt;/p&gt;</dc:description>
  <dc:language>eng</dc:language>
  <dc:subject>africa</dc:subject>
  <dc:subject>Integrated Soil Fertility Management (ISFM)</dc:subject>
  <dc:subject>km</dc:subject>
  <dc:subject>km blended</dc:subject>
  <dc:subject>latin america</dc:subject>
  <dc:subject>Local knowledge</dc:subject>
  <dc:subject>Participatory approaches</dc:subject>
  <dc:subject>Soil quality</dc:subject>
  <dc:subject>south-south cooperation</dc:subject>
  <dc:subject>South-South exchange</dc:subject>
  <dc:type>Journal Article</dc:type>
  <dc:format>248–259</dc:format>
</oai_dc:dc>