<oai_dc:dc xmlns:oai_dc="http://www.openarchives.org/OAI/2.0/oai_dc/" xmlns:dc="http://purl.org/dc/elements/1.1/" xmlns:xsi="http://www.w3.org/2001/XMLSchema-instance" xsi:schemaLocation="http://www.openarchives.org/OAI/2.0/oai_dc/  http://www.openarchives.org/OAI/2.0/oai_dc.xsd">
  <dc:title>What Matters for Workforce Development: a framework and tool for analysis</dc:title>
  <dc:creator>W. Bank</dc:creator>
  <Publisher xmlns="http://www.openarchives.org/OAI/2.0/">World Bank</Publisher>
  <dc:date>2013</dc:date>
  <dc:description>&lt;p&gt;The paper discusses the work force development (Wfd) tool that places explicit focus on three functional dimensions of WfD policies and institutions: (a) strategy; (b) system oversight; and (c) service delivery. Strategy refers to the alignment between workforce development and a country’s national goals for economic and social development. System oversight refers to the governance arrangements that shape the behaviors key stakeholders involved, including individuals, employers, and training providers. Service delivery refers to arrangements for managing the provision of services in order to achieve results on the ground. The tool’s pilot testing in five countries–Chile, South Korea, Ireland, Singapore, and Uganda—suggest that the three broad functional dimensions are indeed the right ones to focus on in workforce development.The paper discusses the work force development (Wfd) tool that places explicit focus on three functional dimensions of WfD policies and institutions: (a) strategy; (b) system oversight; and (c) service delivery. Strategy refers to the alignment between workforce development and a country’s national goals for economic and social development. System oversight refers to the governance arrangements that shape the behaviors key stakeholders involved, including individuals, employers, and training providers. Service delivery refers to arrangements for managing the provision of services in order to achieve results on the ground. The tool’s pilot testing in five countries–Chile, South Korea, Ireland, Singapore, and Uganda—suggest that the three broad functional dimensions are indeed the right ones to focus on in workforce development.&lt;/p&gt;</dc:description>
  <dc:language>eng</dc:language>
  <dc:subject>cd</dc:subject>
  <dc:subject>cd tools</dc:subject>
  <dc:subject>chile</dc:subject>
  <dc:subject>geographical cross-cutting</dc:subject>
  <dc:subject>Ireland</dc:subject>
  <dc:subject>m&amp;e</dc:subject>
  <dc:subject>Singapore</dc:subject>
  <dc:subject>South Korea</dc:subject>
  <dc:subject>uganda</dc:subject>
  <dc:type>Unpublished</dc:type>
  <dc:format />
</oai_dc:dc>