<oai_dc:dc xmlns:oai_dc="http://www.openarchives.org/OAI/2.0/oai_dc/" xmlns:dc="http://purl.org/dc/elements/1.1/" xmlns:xsi="http://www.w3.org/2001/XMLSchema-instance" xsi:schemaLocation="http://www.openarchives.org/OAI/2.0/oai_dc/  http://www.openarchives.org/OAI/2.0/oai_dc.xsd">
  <dc:title>Evaluating Rural Extension</dc:title>
  <dc:creator>I. Christoplos</dc:creator>
  <dc:creator>P. Sandison</dc:creator>
  <dc:creator>S. Chipeta</dc:creator>
  <Publisher xmlns="http://www.openarchives.org/OAI/2.0/">Global Forum for Rural Advisory Services (GFRAS)</Publisher>
  <dc:date>2012</dc:date>
  <dc:language>eng</dc:language>
  <dc:subject>m&amp;e</dc:subject>
  <dc:subject>m&amp;e needs assessments</dc:subject>
  <dc:subject>m&amp;e tools</dc:subject>
  <dc:type>Miscellaneous</dc:type>
  <dc:format />
</oai_dc:dc>