<oai_dc:dc xmlns:oai_dc="http://www.openarchives.org/OAI/2.0/oai_dc/" xmlns:dc="http://purl.org/dc/elements/1.1/" xmlns:xsi="http://www.w3.org/2001/XMLSchema-instance" xsi:schemaLocation="http://www.openarchives.org/OAI/2.0/oai_dc/  http://www.openarchives.org/OAI/2.0/oai_dc.xsd">
  <dc:title>Designing and Implementing Agricultural Innovation Funds: Lessons from Competitive Research and Matching grant projects</dc:title>
  <dc:creator>W. Bank</dc:creator>
  <DOI xmlns="http://www.openarchives.org/OAI/2.0/">10.1111/j.1749-6632.2009.05398.x</DOI>
  <Publisher xmlns="http://www.openarchives.org/OAI/2.0/">World Bank</Publisher>
  <dc:date>2010</dc:date>
  <dc:language>eng</dc:language>
  <dc:subject>innovation systems</dc:subject>
  <dc:subject>is institutional</dc:subject>
  <dc:subject>is research</dc:subject>
  <dc:subject>m&amp;e</dc:subject>
  <dc:type>Book</dc:type>
  <dc:format />
</oai_dc:dc>