<oai_dc:dc xmlns:oai_dc="http://www.openarchives.org/OAI/2.0/oai_dc/" xmlns:dc="http://purl.org/dc/elements/1.1/" xmlns:xsi="http://www.w3.org/2001/XMLSchema-instance" xsi:schemaLocation="http://www.openarchives.org/OAI/2.0/oai_dc/  http://www.openarchives.org/OAI/2.0/oai_dc.xsd">
  <dc:title>Performance testing for the smallholder sector in South Africa</dc:title>
  <dc:creator>B. Cuthbert</dc:creator>
  <Publisher xmlns="http://www.openarchives.org/OAI/2.0/">ARC Animal Improvement Institute</Publisher>
  <dc:date>2002</dc:date>
  <dc:language>eng</dc:language>
  <dc:subject>cd</dc:subject>
  <dc:subject>cd tools</dc:subject>
  <dc:subject>m&amp;e</dc:subject>
  <dc:subject>small holders</dc:subject>
  <dc:subject>south africa</dc:subject>
  <dc:type>Miscellaneous</dc:type>
  <dc:format>1–7</dc:format>
</oai_dc:dc>