<oai_dc:dc xmlns:oai_dc="http://www.openarchives.org/OAI/2.0/oai_dc/" xmlns:dc="http://purl.org/dc/elements/1.1/" xmlns:xsi="http://www.w3.org/2001/XMLSchema-instance" xsi:schemaLocation="http://www.openarchives.org/OAI/2.0/oai_dc/  http://www.openarchives.org/OAI/2.0/oai_dc.xsd">
  <dc:title>Participatory scenarios as a tool to link science and policy on food security under climate change in East Africa</dc:title>
  <dc:creator>M. Chaudhury</dc:creator>
  <dc:creator>J. Vervoort</dc:creator>
  <dc:creator>P. Kristjanson</dc:creator>
  <dc:creator>P. Ericksen</dc:creator>
  <dc:creator>A. Ainslie</dc:creator>
  <DOI xmlns="http://www.openarchives.org/OAI/2.0/">10.1007/s10113-012-0350-1</DOI>
  <ISBN-Number xmlns="http://www.openarchives.org/OAI/2.0/">1011301203501</ISBN-Number>
  <dc:source>Regional Environmental Change</dc:source>
  <dc:date>2013</dc:date>
  <dc:description>&lt;p&gt;How effective are multi-stakeholder scenarios-building processes to bring diverse actors together and create a policy-making tool to support sustainable development and promote food security in the developing world under climate change? The effectiveness of a participatory scenario development process highlights the importance of “boundary work” that links actors and organizations involved in generating knowledge on the one hand, and practitioners and policymakers who take actions based on that knowledge on the other. This study reports on the application of criteria for effective boundary work to a multi-stakeholder scenarios process in East Africa that brought together a range of regional agriculture and food systems actors. This analysis has enabled us to evaluate the extent to which these scenarios were seen by the different actors as credible, legitimate and salient, and thus more likely to be useful. The analysis has shown gaps and opportunities for improvement on these criteria, such as the quantification of scenarios, attention to translating and communicating the results through various channels and new approaches to enable a more inclusive and diverse group of participants. We conclude that applying boundary work criteria to multi-stakeholder scenarios processes can do much to increase the likelihood of developing sustainable development and food security policies that are more appropriate.&lt;/p&gt;</dc:description>
  <dc:language>eng</dc:language>
  <dc:subject>Boundary work</dc:subject>
  <dc:subject>capacity building</dc:subject>
  <dc:subject>cd</dc:subject>
  <dc:subject>cd institutional</dc:subject>
  <dc:subject>cd organizational</dc:subject>
  <dc:subject>climate change</dc:subject>
  <dc:subject>Credibility</dc:subject>
  <dc:subject>East Africa</dc:subject>
  <dc:subject>Legitimacy</dc:subject>
  <dc:subject>Multi-stakeholder scenarios</dc:subject>
  <dc:subject>Salience</dc:subject>
  <dc:type>Journal Article</dc:type>
  <dc:format>389–398</dc:format>
</oai_dc:dc>