<oai_dc:dc xmlns:oai_dc="http://www.openarchives.org/OAI/2.0/oai_dc/" xmlns:dc="http://purl.org/dc/elements/1.1/" xmlns:xsi="http://www.w3.org/2001/XMLSchema-instance" xsi:schemaLocation="http://www.openarchives.org/OAI/2.0/oai_dc/  http://www.openarchives.org/OAI/2.0/oai_dc.xsd">
  <dc:title>Training &amp;amp; Beyond: Seeking Better Practices for Capacity Development</dc:title>
  <dc:creator />
  <Publisher xmlns="http://www.openarchives.org/OAI/2.0/">Organisation for Economic Co-operation and Development (OECD)</Publisher>
  <dc:date>2010</dc:date>
  <dc:language>eng</dc:language>
  <dc:subject>cd</dc:subject>
  <dc:subject>cd individual</dc:subject>
  <dc:subject>cd institutional</dc:subject>
  <dc:subject>geographical cross cutting</dc:subject>
  <dc:subject>is institutional</dc:subject>
  <dc:subject>knowledge and information sharing</dc:subject>
  <dc:type>Unpublished</dc:type>
  <dc:format />
</oai_dc:dc>