<oai_dc:dc xmlns:oai_dc="http://www.openarchives.org/OAI/2.0/oai_dc/" xmlns:dc="http://purl.org/dc/elements/1.1/" xmlns:xsi="http://www.w3.org/2001/XMLSchema-instance" xsi:schemaLocation="http://www.openarchives.org/OAI/2.0/oai_dc/  http://www.openarchives.org/OAI/2.0/oai_dc.xsd">
  <dc:title>From Best Practice to Best Fit: A Framework for Designing and Analyzing Pluralistic Agricultural Advisory Services Worldwide</dc:title>
  <dc:creator>R. Birner</dc:creator>
  <dc:creator>K. Davis</dc:creator>
  <dc:creator>J. Pender</dc:creator>
  <dc:creator>E. Nkonya</dc:creator>
  <dc:creator>P. Anandajayasekeram</dc:creator>
  <dc:creator>J. Ekboir</dc:creator>
  <dc:creator>A. Mbabu</dc:creator>
  <dc:creator>D.J. Spielman</dc:creator>
  <dc:creator>D. Horna</dc:creator>
  <dc:creator>S. Benin</dc:creator>
  <dc:creator>M. Cohen</dc:creator>
  <DOI xmlns="http://www.openarchives.org/OAI/2.0/">10.1080/13892240903309595</DOI>
  <ISBN-Number xmlns="http://www.openarchives.org/OAI/2.0/">1389224090</ISBN-Number>
  <Publisher xmlns="http://www.openarchives.org/OAI/2.0/">International Food Policy Research Insitutue</Publisher>
  <dc:date>2006</dc:date>
  <dc:description>&lt;p&gt;The article provides a conceptual framework and discusses research methods for analyzing pluralistic agricultural advisory services. The framework can also assist policy-makers in identifying reform options. It addresses the following question: Which forms of providing and financing agricultural advisory services work best in which situation? The framework ‘disentangles’ agricultural advisory services by distinguishing between (1) governance structures, (2) capacity, (3) management, and (4) advisory methods. The framework suggests an impact chain approach to analyze the performance and impact of agricultural advisory services and discusses theoretical and empirical research methods that can be used when applying the framework. The framework shows that reforms of agricultural advisory services can combine different reform elements*such as decentralization, contracting out, using new advisory methods, and changing the management style*in different ways so as to best fit local circumstances. Using a New Institutional Economics approach (transaction costs approach), the article shows that the following sets of contextual factors need to be considered in this regard: the policy environment; the capacity of potential service providers; the type of production systems and market access of farm households; and the characteristics of local communities. The framework can be used to develop assessment tools for agricultural advisory services, to inform processes of reforming of agricultural advisory services and to guide inter-disciplinary research. The framework is unique in combining the insights from different disciplines, which have, so far, been treated separately in the literature. The framework can help policy-makers and analysts to move from ‘ideological’ discussions on reform models to an evidence-based ‘best fit’ approach.&lt;/p&gt;</dc:description>
  <dc:language>eng</dc:language>
  <dc:subject>Agricultural extension work</dc:subject>
  <dc:subject>Capa</dc:subject>
  <dc:subject>innovation policies</dc:subject>
  <dc:subject>innovation systems</dc:subject>
  <dc:subject>is extension</dc:subject>
  <dc:subject>is research</dc:subject>
  <dc:subject>Pro-poor growth</dc:subject>
  <dc:type>Miscellaneous</dc:type>
  <dc:format />
</oai_dc:dc>