<oai_dc:dc xmlns:oai_dc="http://www.openarchives.org/OAI/2.0/oai_dc/" xmlns:dc="http://purl.org/dc/elements/1.1/" xmlns:xsi="http://www.w3.org/2001/XMLSchema-instance" xsi:schemaLocation="http://www.openarchives.org/OAI/2.0/oai_dc/  http://www.openarchives.org/OAI/2.0/oai_dc.xsd">
  <dc:title>Capacity for a change: from the capacity collective workshop</dc:title>
  <dc:creator>T. Peter</dc:creator>
  <dc:creator>C. Peter</dc:creator>
  <Publisher xmlns="http://www.openarchives.org/OAI/2.0/">Institute of Development Studies</Publisher>
  <dc:date>2008</dc:date>
  <dc:language>eng</dc:language>
  <dc:subject>cd</dc:subject>
  <dc:subject>cd individual</dc:subject>
  <dc:subject>cd system</dc:subject>
  <dc:type>Miscellaneous</dc:type>
  <dc:format />
</oai_dc:dc>