<oai_dc:dc xmlns:oai_dc="http://www.openarchives.org/OAI/2.0/oai_dc/" xmlns:dc="http://purl.org/dc/elements/1.1/" xmlns:xsi="http://www.w3.org/2001/XMLSchema-instance" xsi:schemaLocation="http://www.openarchives.org/OAI/2.0/oai_dc/  http://www.openarchives.org/OAI/2.0/oai_dc.xsd">
  <dc:title>An innovation systems approach to institutional change: Smallholder development in West Africa</dc:title>
  <dc:creator>D. Hounkonnou</dc:creator>
  <dc:creator>D. Kossou</dc:creator>
  <dc:creator>T.W. Kuyper</dc:creator>
  <dc:creator>C. Leeuwis</dc:creator>
  <dc:creator>S. Nederlof</dc:creator>
  <dc:creator>N. Röling</dc:creator>
  <dc:creator>O. Sakyi-dawson</dc:creator>
  <dc:creator>M. Traoré</dc:creator>
  <dc:creator>A. Van Huis</dc:creator>
  <DOI xmlns="http://www.openarchives.org/OAI/2.0/">10.1016/j.agsy.2012.01.007</DOI>
  <dc:source>Agricultural Systems</dc:source>
  <dc:date>2012</dc:date>
  <dc:language>eng</dc:language>
  <dc:subject>innovation platforms</dc:subject>
  <dc:subject>is africa</dc:subject>
  <dc:subject>is institutional</dc:subject>
  <dc:type>Journal Article</dc:type>
  <dc:format>74–83</dc:format>
</oai_dc:dc>