<oai_dc:dc xmlns:oai_dc="http://www.openarchives.org/OAI/2.0/oai_dc/" xmlns:dc="http://purl.org/dc/elements/1.1/" xmlns:xsi="http://www.w3.org/2001/XMLSchema-instance" xsi:schemaLocation="http://www.openarchives.org/OAI/2.0/oai_dc/  http://www.openarchives.org/OAI/2.0/oai_dc.xsd">
  <dc:title>Bridging innovation demand and supply in the agricultural sector: the case of an Innovation Intermediary in Mexico</dc:title>
  <dc:creator>A.Torres Vargas</dc:creator>
  <dc:date>Submitted</dc:date>
  <dc:description>&lt;p&gt;El objetivo de este trabajo es analizar el papel de los intermediarios de innovación (II) en la tecnología y el proceso de transferencia de conocimientos en el sector agrícola. Exploramos el caso de un Mundial en México, la Fundación Produce (PF), un actor importante en este sector, que influyen en la transformación de las instituciones públicas de investigación que han tenido impactos importantes y diversos en la innovación agrícola y el sistema de investigación en México. En particular, le pedimos por su papel en la articulación de la demanda, corretaje de redes y gestión del proceso de innovación del sector agropecuario en México. Para ello, uno de los más exitosos PF 32 fue seleccionado, la Fundación Produce Nuevo León (FUPNL). La investigación se basa en la evidencia recopilada a través de entrevistas con productores, investigadores de instituciones públicas de investigación (PRI) y directivos de la PF. FUPNL informes y la observación directa también se utilizaron. Las principales conclusiones indican que II están llamados a desempeñar una tarea crucial para la articulación de los usuarios y productores de conocimiento y los desarrollos técnicos en el sector. Ellos también están ayudando a la construcción y mantenimiento de redes de actores innovadores y han tenido impactos muy positivos en la mejora de la gestión de todo el proceso.&lt;/p&gt;</dc:description>
  <dc:language>eng</dc:language>
  <dc:type>Unpublished</dc:type>
  <dc:format>1–18</dc:format>
</oai_dc:dc>