<oai_dc:dc xmlns:oai_dc="http://www.openarchives.org/OAI/2.0/oai_dc/" xmlns:dc="http://purl.org/dc/elements/1.1/" xmlns:xsi="http://www.w3.org/2001/XMLSchema-instance" xsi:schemaLocation="http://www.openarchives.org/OAI/2.0/oai_dc/  http://www.openarchives.org/OAI/2.0/oai_dc.xsd">
  <dc:title>Status of Agricultural Extension and Rural Advisory Services Worldwide Summary Report</dc:title>
  <dc:creator>B.E. Swanson</dc:creator>
  <dc:creator>K. Davis</dc:creator>
  <Publisher xmlns="http://www.openarchives.org/OAI/2.0/">Global Forum for Rural Advisory Services (GFAR)</Publisher>
  <dc:date>2014</dc:date>
  <dc:language>eng</dc:language>
  <dc:subject>m&amp;e</dc:subject>
  <dc:subject>m&amp;e extension</dc:subject>
  <dc:subject>m&amp;e geographical cross-cutting</dc:subject>
  <dc:subject>m&amp;e impact assessment</dc:subject>
  <dc:subject>m&amp;e needs assessments</dc:subject>
  <dc:type>Miscellaneous</dc:type>
  <dc:format>14</dc:format>
</oai_dc:dc>