<oai_dc:dc xmlns:oai_dc="http://www.openarchives.org/OAI/2.0/oai_dc/" xmlns:dc="http://purl.org/dc/elements/1.1/" xmlns:xsi="http://www.w3.org/2001/XMLSchema-instance" xsi:schemaLocation="http://www.openarchives.org/OAI/2.0/oai_dc/  http://www.openarchives.org/OAI/2.0/oai_dc.xsd">
  <dc:title>Capacity Building for Agricultural Research for Development. Lessons from Practice in Papua New Guinea</dc:title>
  <dc:creator>A. Mbabu</dc:creator>
  <dc:creator>A. Hall</dc:creator>
  <dc:creator>U.Nations University</dc:creator>
  <ISBN-Number xmlns="http://www.openarchives.org/OAI/2.0/">9789280850000</ISBN-Number>
  <dc:date>2012</dc:date>
  <dc:language>eng</dc:language>
  <dc:subject>asia</dc:subject>
  <dc:subject>cd</dc:subject>
  <dc:subject>innovation systems</dc:subject>
  <dc:subject>knowledge and information sharing</dc:subject>
  <dc:subject>papua new guinea</dc:subject>
  <dc:type>Book</dc:type>
  <dc:format>298</dc:format>
</oai_dc:dc>