<oai_dc:dc xmlns:oai_dc="http://www.openarchives.org/OAI/2.0/oai_dc/" xmlns:dc="http://purl.org/dc/elements/1.1/" xmlns:xsi="http://www.w3.org/2001/XMLSchema-instance" xsi:schemaLocation="http://www.openarchives.org/OAI/2.0/oai_dc/  http://www.openarchives.org/OAI/2.0/oai_dc.xsd">
  <dc:title>Review of literature on evaluation methods relevant to extension</dc:title>
  <dc:creator>A. Martin</dc:creator>
  <dc:creator>S. Gundel</dc:creator>
  <dc:creator>E. Apenteng</dc:creator>
  <dc:creator>B. Pound</dc:creator>
  <Publisher xmlns="http://www.openarchives.org/OAI/2.0/">Global Forum for Rural Advisory Services (GFRAS)</Publisher>
  <URL xmlns="http://www.openarchives.org/OAI/2.0/">http://www.g-fras.org/en/knowledge/gfras-publications/file/63-review-of-literature-on-evaluation-methods-relevant-to-extension</URL>
  <dc:date>2011</dc:date>
  <dc:description>&lt;p&gt;This review of literature on evaluation methods focuses specifically on approaches and methodologies in evaluation which are relevant for evaluating initiatives in extension or rural advisory services. The context and scope of the review are discussed, followed by sections addressing the purposes, users and uses of evaluation, evaluation standards and criteria, approaches, rigour and attribution. The final three sections discuss the principles for evaluation of rural advisory services in highly complex situations, the strengths, weaknesses and gaps in existing approaches, and the ways forward&lt;/p&gt;</dc:description>
  <dc:language>eng</dc:language>
  <dc:subject>HJ Public Finance</dc:subject>
  <dc:subject>m&amp;e</dc:subject>
  <dc:subject>m&amp;e extension</dc:subject>
  <dc:subject>m&amp;e impact assessment</dc:subject>
  <dc:subject>m&amp;e tools</dc:subject>
  <dc:subject>S Agriculture (General)</dc:subject>
  <dc:type>Miscellaneous</dc:type>
  <dc:format />
</oai_dc:dc>