<oai_dc:dc xmlns:oai_dc="http://www.openarchives.org/OAI/2.0/oai_dc/" xmlns:dc="http://purl.org/dc/elements/1.1/" xmlns:xsi="http://www.w3.org/2001/XMLSchema-instance" xsi:schemaLocation="http://www.openarchives.org/OAI/2.0/oai_dc/  http://www.openarchives.org/OAI/2.0/oai_dc.xsd">
  <dc:title>Social Media for Enhancing Innovation in Agri-food and Rural Development: Current Dynamics in Ontario, Canada</dc:title>
  <dc:creator>A. Chowdhury</dc:creator>
  <dc:creator>H.Hambly Odame</dc:creator>
  <dc:source>Journal of Rural and Community Development</dc:source>
  <dc:date>2012</dc:date>
  <dc:language>eng</dc:language>
  <dc:subject>agrifood value chains</dc:subject>
  <dc:subject>canada</dc:subject>
  <dc:subject>knowledge and information sharing</dc:subject>
  <dc:subject>l&amp;f social media</dc:subject>
  <dc:subject>learning&amp;facilitation</dc:subject>
  <dc:type>Journal Article</dc:type>
  <dc:format />
</oai_dc:dc>