<oai_dc:dc xmlns:oai_dc="http://www.openarchives.org/OAI/2.0/oai_dc/" xmlns:dc="http://purl.org/dc/elements/1.1/" xmlns:xsi="http://www.w3.org/2001/XMLSchema-instance" xsi:schemaLocation="http://www.openarchives.org/OAI/2.0/oai_dc/  http://www.openarchives.org/OAI/2.0/oai_dc.xsd">
  <dc:title>Report on Prioritization of Demand-driven Agricultural Research for Development in South-Asia</dc:title>
  <dc:creator />
  <Publisher xmlns="http://www.openarchives.org/OAI/2.0/">International Food Policy Research Institute (IFPRI)</Publisher>
  <dc:date>Submitted</dc:date>
  <dc:language>eng</dc:language>
  <dc:subject>agricultural research</dc:subject>
  <dc:subject>south asia</dc:subject>
  <dc:type>Miscellaneous</dc:type>
  <dc:format />
</oai_dc:dc>