<oai_dc:dc xmlns:oai_dc="http://www.openarchives.org/OAI/2.0/oai_dc/" xmlns:dc="http://purl.org/dc/elements/1.1/" xmlns:xsi="http://www.w3.org/2001/XMLSchema-instance" xsi:schemaLocation="http://www.openarchives.org/OAI/2.0/oai_dc/  http://www.openarchives.org/OAI/2.0/oai_dc.xsd">
  <dc:title>Bringing the invisible into perspective</dc:title>
  <dc:creator>N. Keijzer</dc:creator>
  <dc:creator>E. Spierings</dc:creator>
  <dc:creator>G. Phlix</dc:creator>
  <dc:creator>A. Fowler</dc:creator>
  <Publisher xmlns="http://www.openarchives.org/OAI/2.0/">ECDPM Maastricht</Publisher>
  <dc:date>2011</dc:date>
  <dc:language>eng</dc:language>
  <dc:subject>m&amp;e</dc:subject>
  <dc:subject>m&amp;e tools</dc:subject>
  <dc:type>Miscellaneous</dc:type>
  <dc:format />
</oai_dc:dc>