<oai_dc:dc xmlns:oai_dc="http://www.openarchives.org/OAI/2.0/oai_dc/" xmlns:dc="http://purl.org/dc/elements/1.1/" xmlns:xsi="http://www.w3.org/2001/XMLSchema-instance" xsi:schemaLocation="http://www.openarchives.org/OAI/2.0/oai_dc/  http://www.openarchives.org/OAI/2.0/oai_dc.xsd">
  <dc:title>Building Capabilities for Multi-Stakeholder Interactions at Global and Local Levels</dc:title>
  <dc:creator>D. Dentoni</dc:creator>
  <dc:creator>M. Veldhuizen</dc:creator>
  <dc:source>International Food and Agribusiness Management Review</dc:source>
  <dc:date>2012</dc:date>
  <dc:description>&lt;p&gt;Discussion of the processes and major learning points that led Unilever to develop and implement a corporate sustainability strategy working with multiple stakeholders&lt;/p&gt;</dc:description>
  <dc:language>eng</dc:language>
  <dc:subject>capacity building</dc:subject>
  <dc:subject>cd</dc:subject>
  <dc:subject>cd organizational</dc:subject>
  <dc:subject>innovation systems</dc:subject>
  <dc:subject>is private</dc:subject>
  <dc:subject>knowledge and learning</dc:subject>
  <dc:subject>knowledge management</dc:subject>
  <dc:subject>multi-stakeholders interactions</dc:subject>
  <dc:type>Journal Article</dc:type>
  <dc:format>95–106</dc:format>
</oai_dc:dc>