<oai_dc:dc xmlns:oai_dc="http://www.openarchives.org/OAI/2.0/oai_dc/" xmlns:dc="http://purl.org/dc/elements/1.1/" xmlns:xsi="http://www.w3.org/2001/XMLSchema-instance" xsi:schemaLocation="http://www.openarchives.org/OAI/2.0/oai_dc/  http://www.openarchives.org/OAI/2.0/oai_dc.xsd">
  <dc:title>Analyzing the functional dynamics of technological innovation systems : A scheme of analysis</dc:title>
  <dc:creator>A. Bergek</dc:creator>
  <dc:creator>S. Jacobsson</dc:creator>
  <dc:creator>B. Carlsson</dc:creator>
  <dc:creator>S. Lindmark</dc:creator>
  <dc:creator>A. Rickne</dc:creator>
  <dc:source>Research Policy</dc:source>
  <dc:date>2008</dc:date>
  <dc:description>&lt;p&gt;Various researchers and policy analysts have made empirical studies of innovation systems in order to understand their current structure and trace their dynamics. However, policy makers often experience difficulties in extracting practical guidelines from studies of this kind. In this paper, we operationalize our previous work on a functional approach to analyzing innovation system dynamics into a practical scheme of analysis for policy makers. The scheme is based on previous literature and our own experience in developing and applying functional thinking. It can be used by policy makers not only to identify the key policy issues but also to set policy goals. © 2007 Elsevier B.V. All rights reserved.&lt;/p&gt;</dc:description>
  <dc:language>eng</dc:language>
  <dc:subject>Dynamics</dc:subject>
  <dc:subject>Functional analysis</dc:subject>
  <dc:subject>innovation policies</dc:subject>
  <dc:subject>innovation system</dc:subject>
  <dc:subject>innvoations systems</dc:subject>
  <dc:subject>knowledge and learning</dc:subject>
  <dc:type>Journal Article</dc:type>
  <dc:format>407–429</dc:format>
</oai_dc:dc>