<oai_dc:dc xmlns:oai_dc="http://www.openarchives.org/OAI/2.0/oai_dc/" xmlns:dc="http://purl.org/dc/elements/1.1/" xmlns:xsi="http://www.w3.org/2001/XMLSchema-instance" xsi:schemaLocation="http://www.openarchives.org/OAI/2.0/oai_dc/  http://www.openarchives.org/OAI/2.0/oai_dc.xsd">
  <dc:title>Brokering Innovation for Sustainable Development: The Papa Andina Case</dc:title>
  <dc:creator>A. Devaux</dc:creator>
  <dc:creator>J. Andrade-piedra</dc:creator>
  <dc:creator>D. Horton</dc:creator>
  <dc:creator>M. Ordinola</dc:creator>
  <dc:creator>G. Thiele</dc:creator>
  <dc:creator>A. Thomann</dc:creator>
  <dc:creator>C. Velasco</dc:creator>
  <ISBN-Number xmlns="http://www.openarchives.org/OAI/2.0/">9789290604105</ISBN-Number>
  <Publisher xmlns="http://www.openarchives.org/OAI/2.0/">Bioversity International</Publisher>
  <dc:source>Innovation</dc:source>
  <URL xmlns="http://www.openarchives.org/OAI/2.0/">http://www.cgiar-ilac.org/files/devaux_ilac_workingpaper_no12_brokering_innovation_final.pdf</URL>
  <dc:date>2010</dc:date>
  <dc:description>&lt;p&gt;The inadequate linkage of knowledge generation in agricultural research organizations with policy-making and economic activity is an important barrier to sustainable development and poverty reduction. The emerging fields of sustainability science and innovation systems studies highlight the importance of boundary management and innovation brokering in linking knowledge production, policy-making, and economic activities. This paper analyzes how the Papa Andina Partnership Program, based at the International Potato Center, functions as an innovation broker in the Andean potato sector. As a regional initiative, Papa Andina operates as a second-level innovation broker, backstopping national partners who facilitate local innovation processes in their respective countries. Papa Andina works to strengthen local innovation capacity and to foster innovations in innovation the development of more effective ways of bringing stakeholders together to produce innovations that benefit small-scale farmers. There are virtuous feedback loops between first- and second-level innovation brokering functions. The paper outlines the approaches Papa Andina has developed and promoted for fostering innovation brokerage at these two levels and the types of results obtained. It then identifies some important challenges that Papa Andina faces in innovation brokerage at the international level. The paper concludes with a discussion of broader policy issues related to the roles and functions of innovation brokers and boundary organizations in promoting sustainable development.&lt;/p&gt;</dc:description>
  <dc:language>eng</dc:language>
  <dc:subject>latin america</dc:subject>
  <dc:subject>learning&amp;facilitation</dc:subject>
  <dc:type>Unpublished</dc:type>
  <dc:format>1–32</dc:format>
</oai_dc:dc>