<oai_dc:dc xmlns:oai_dc="http://www.openarchives.org/OAI/2.0/oai_dc/" xmlns:dc="http://purl.org/dc/elements/1.1/" xmlns:xsi="http://www.w3.org/2001/XMLSchema-instance" xsi:schemaLocation="http://www.openarchives.org/OAI/2.0/oai_dc/  http://www.openarchives.org/OAI/2.0/oai_dc.xsd">
  <dc:title>Making Sense of Capacity Development: experiences with Technical Assistance and capacity development in the HIV response</dc:title>
  <dc:creator>S. Wigboldus</dc:creator>
  <dc:creator>A.J. Nell</dc:creator>
  <dc:creator>H. Brouwer</dc:creator>
  <dc:creator>J. van der Lee</dc:creator>
  <Publisher xmlns="http://www.openarchives.org/OAI/2.0/">Royal Tropical Institute (KIT)</Publisher>
  <dc:date>2010</dc:date>
  <dc:language>eng</dc:language>
  <dc:subject>africa</dc:subject>
  <dc:subject>cd</dc:subject>
  <dc:subject>cd healthcare</dc:subject>
  <dc:subject>cd knowledge and information sharing</dc:subject>
  <dc:type>Book</dc:type>
  <dc:format>1–160</dc:format>
</oai_dc:dc>