<oai_dc:dc xmlns:oai_dc="http://www.openarchives.org/OAI/2.0/oai_dc/" xmlns:dc="http://purl.org/dc/elements/1.1/" xmlns:xsi="http://www.w3.org/2001/XMLSchema-instance" xsi:schemaLocation="http://www.openarchives.org/OAI/2.0/oai_dc/  http://www.openarchives.org/OAI/2.0/oai_dc.xsd">
  <dc:title>Systems Perspectives on Developing-Country Agriculture : A Critical Review</dc:title>
  <dc:creator>D.J. Spielman</dc:creator>
  <Publisher xmlns="http://www.openarchives.org/OAI/2.0/">International Food Policy Research Institute (IFPRI)</Publisher>
  <dc:date>2005</dc:date>
  <dc:description>&lt;p&gt;Innovation systems perspectives on agricultural research and technological change are fast becoming a popular approach to the study of how society generates, disseminates, and utilizes knowledge. The innovation systems literature represents a significant change from the conventional, linear approach to research and development by providing an analytical framework that explores complex relationships among heterogeneous agents, social and economic institutions, and endogenously determined technological and institutional opportunities. Recent empirical work extends the innovation systems approach from studies of national innovation systems in industrialized-country manufacturing to developing-country agriculture, and shifts the emphasis from a unidirectional technology transfer approach to a more complex, process- based systems approach. This shift in perspective is appropriate for the study of developing-country agriculture because it captures the intricate relationships between diverse actors, processes of institutional learning and change, market and nonmarket institutions, public policy, poverty reduction, and socioeconomic development. Early applications of the innovation systems framework to developing-country agriculture suggest opportunities for more intensive and extensive analysis. There is ample scope for empirical studies to make greater use of the theoretical content available in the literature, and to employ more diverse methodologies, both qualitative and quantitative. Further, there is room to improve the relevance of empirical studies to the iv analysis of public policies that support science, technology, and innovation, as well as to policies that promote poverty reduction and economic growth. This paper attempts to examine these issues with respect to recent applications of the innovation systems framework to developing-country agriculture, and suggests several ways to strengthen the mode of inquiry and quality of analysis. The paper begins by tracing the literature on innovation systems from its roots in evolutionary economics and systems theory, followed by a review of recent applications to developing-country agriculture. This discussion is followed by the presentation of a model of an innovation system derived from a series of game theoretic and population game models in which heterogeneous agents interact and evolve through strategic patterns of behavior. The paper then reviews the strengths and weaknesses of recent applied work in developing-country agriculture and concludes with recommendations for improving analytical strength, relevance to public policy, and relevance to poverty reduction. Contents&lt;/p&gt;</dc:description>
  <dc:language>eng</dc:language>
  <dc:subject>agricultural research</dc:subject>
  <dc:subject>capacity development</dc:subject>
  <dc:subject>cd level system or policy</dc:subject>
  <dc:subject>cd tools</dc:subject>
  <dc:subject>Cooperation</dc:subject>
  <dc:subject>game theory</dc:subject>
  <dc:subject>innovation</dc:subject>
  <dc:subject>is learning and knowledge</dc:subject>
  <dc:subject>Networks</dc:subject>
  <dc:subject>Technological innovation</dc:subject>
  <dc:type>Unpublished</dc:type>
  <dc:format>58</dc:format>
</oai_dc:dc>