<oai_dc:dc xmlns:oai_dc="http://www.openarchives.org/OAI/2.0/oai_dc/" xmlns:dc="http://purl.org/dc/elements/1.1/" xmlns:xsi="http://www.w3.org/2001/XMLSchema-instance" xsi:schemaLocation="http://www.openarchives.org/OAI/2.0/oai_dc/  http://www.openarchives.org/OAI/2.0/oai_dc.xsd">
  <dc:title>Changing our ways: making sense of complex multi-stakeholder systems change by using the four quadrant model</dc:title>
  <dc:creator>H. Walters</dc:creator>
  <dc:source>Knowledge Management for Development Journal</dc:source>
  <URL xmlns="http://www.openarchives.org/OAI/2.0/">http://journal.km4dev.org/index.php/km4dj/article/viewFile/155/262</URL>
  <dc:date>2013</dc:date>
  <dc:description>&lt;p&gt;This case study systematises the experiences of the ICCO Alliance in introducing a multi-stakeholder approach in all of its relations with partner organisations and in its development cooperation practice. Using Ken Wilber’s framework of institutional change, the author presents the internal as well as external influences that need to take place at the organisational level, the level of individual staff in these organisation as well as between organisations in the ICCO Alliance for the ICCO Alliance to be able to change.&lt;/p&gt;</dc:description>
  <dc:language>eng</dc:language>
  <dc:subject>capacity building</dc:subject>
  <dc:subject>case</dc:subject>
  <dc:subject>cd concept assessment</dc:subject>
  <dc:subject>cd concept strengthening</dc:subject>
  <dc:subject>cd tools</dc:subject>
  <dc:subject>geographical cross cutting</dc:subject>
  <dc:subject>icco alliance</dc:subject>
  <dc:subject>innovation systems</dc:subject>
  <dc:subject>international development</dc:subject>
  <dc:subject>is learning and knowledge</dc:subject>
  <dc:subject>multi-stakeholder processes</dc:subject>
  <dc:subject>organisational change</dc:subject>
  <dc:subject>studies</dc:subject>
  <dc:type>Journal Article</dc:type>
  <dc:format>153–166</dc:format>
</oai_dc:dc>