<oai_dc:dc xmlns:oai_dc="http://www.openarchives.org/OAI/2.0/oai_dc/" xmlns:dc="http://purl.org/dc/elements/1.1/" xmlns:xsi="http://www.w3.org/2001/XMLSchema-instance" xsi:schemaLocation="http://www.openarchives.org/OAI/2.0/oai_dc/  http://www.openarchives.org/OAI/2.0/oai_dc.xsd">
  <dc:title>Africa Capacity Indicators 2012: Capacity Development for Agricultural Transformation and Food Security</dc:title>
  <dc:creator />
  <ISBN-Number xmlns="http://www.openarchives.org/OAI/2.0/">9781779370341</ISBN-Number>
  <Publisher xmlns="http://www.openarchives.org/OAI/2.0/">African Cpacity Building Foundation (ACBF)</Publisher>
  <dc:date>2012</dc:date>
  <dc:language>eng</dc:language>
  <dc:subject>cd</dc:subject>
  <dc:subject>cd africa</dc:subject>
  <dc:subject>m&amp;e</dc:subject>
  <dc:subject>m&amp;e africa</dc:subject>
  <dc:type>Miscellaneous</dc:type>
  <dc:format />
</oai_dc:dc>