<oai_dc:dc xmlns:oai_dc="http://www.openarchives.org/OAI/2.0/oai_dc/" xmlns:dc="http://purl.org/dc/elements/1.1/" xmlns:xsi="http://www.w3.org/2001/XMLSchema-instance" xsi:schemaLocation="http://www.openarchives.org/OAI/2.0/oai_dc/  http://www.openarchives.org/OAI/2.0/oai_dc.xsd">
  <dc:title>Evaluating Capacity Development in Planning, Monitoring, and Evaluation</dc:title>
  <dc:creator>D. Horton</dc:creator>
  <dc:creator>R. Mackay</dc:creator>
  <dc:creator>A. Andersen</dc:creator>
  <dc:creator>L. Dupleich</dc:creator>
  <ISBN-Number xmlns="http://www.openarchives.org/OAI/2.0/">9291180513</ISBN-Number>
  <Publisher xmlns="http://www.openarchives.org/OAI/2.0/">International Service for National Agricultural Research (ISNAR)</Publisher>
  <dc:date>2000</dc:date>
  <dc:description>&lt;p&gt;Capacity development has moved to center stage on the agendas of development organizations. As tech- nologies and institutions are changing fast and budgets for overseas development assistance are declin- ing, strengthening the capabilities of individuals, organizations, and institutions is essential to ensure that development efforts are sustainable and poverty is eradicated. Substantial sums are being invested in the development of organizational and institutional capacities. Yet, the design and management of capacity development efforts leaves much to be desired. Few capacity development programs have been systematically and thoroughly evaluated to test their underlying theories and assumptions, document their results, and draw lessons for improving future programs. This report describes the concepts and methods used to evaluate a regional capacity development project in Latin America. The project under study aims to strengthen planning, monitoring, and evaluation (PM&amp;amp;E) in agricultural research organi- zations in the region. The report outlines the procedures employed in five evaluation studies and sum- marizes the results of each study. It then presents consolidated findings in response to three evaluation questions: What were the main contributions of the project to agricultural research management? What lessons can be learned to improve the design of future capacity development programs? What lessons can be learned to improve future evaluations of capacity development?&lt;/p&gt;</dc:description>
  <dc:language>eng</dc:language>
  <dc:subject>m&amp;e</dc:subject>
  <dc:subject>m&amp;e impact study</dc:subject>
  <dc:subject>m&amp;e tools</dc:subject>
  <dc:type>Book</dc:type>
  <dc:format />
</oai_dc:dc>