<oai_dc:dc xmlns:oai_dc="http://www.openarchives.org/OAI/2.0/oai_dc/" xmlns:dc="http://purl.org/dc/elements/1.1/" xmlns:xsi="http://www.w3.org/2001/XMLSchema-instance" xsi:schemaLocation="http://www.openarchives.org/OAI/2.0/oai_dc/  http://www.openarchives.org/OAI/2.0/oai_dc.xsd">
  <dc:title>Agricultural Innovation Systems: A Framework for Analysing the Role of the Government</dc:title>
  <dc:creator />
  <ISBN-Number xmlns="http://www.openarchives.org/OAI/2.0/">9789264200593</ISBN-Number>
  <Publisher xmlns="http://www.openarchives.org/OAI/2.0/">Organisation for Economic Co-operation and Development (OECD)</Publisher>
  <dc:date>2013</dc:date>
  <dc:description>&lt;p&gt;Overview of agricultural innovation systems, outlining the main issues and trends (Part I), and develops a framework to analyze the role of government in fostering the creation and adoption of innovation in the agricultural and agri-food sector, i.e. primary agriculture, upstream and downstream industries (Part II). This reference is directly related to the discussion in the G20 that led to the creation of TAP&lt;/p&gt;</dc:description>
  <dc:language>eng</dc:language>
  <dc:subject>ad&amp;case geographical cross cutting</dc:subject>
  <dc:subject>capacity assessment</dc:subject>
  <dc:subject>capacity building and development</dc:subject>
  <dc:subject>cd concept development</dc:subject>
  <dc:subject>cd system or policy</dc:subject>
  <dc:subject>innovation systems</dc:subject>
  <dc:subject>is actor public</dc:subject>
  <dc:subject>is actor research</dc:subject>
  <dc:subject>is institutional</dc:subject>
  <dc:type>Book</dc:type>
  <dc:format />
</oai_dc:dc>