<oai_dc:dc xmlns:oai_dc="http://www.openarchives.org/OAI/2.0/oai_dc/" xmlns:dc="http://purl.org/dc/elements/1.1/" xmlns:xsi="http://www.w3.org/2001/XMLSchema-instance" xsi:schemaLocation="http://www.openarchives.org/OAI/2.0/oai_dc/  http://www.openarchives.org/OAI/2.0/oai_dc.xsd">
  <dc:title>Institutional Assessment and Capacity Development: Why, what and how?</dc:title>
  <dc:creator>E. Commission</dc:creator>
  <Publisher xmlns="http://www.openarchives.org/OAI/2.0/">European Commission</Publisher>
  <dc:date>2005</dc:date>
  <dc:language>eng</dc:language>
  <dc:subject>cd</dc:subject>
  <dc:subject>cd institutional</dc:subject>
  <dc:type>Unpublished</dc:type>
  <dc:format />
</oai_dc:dc>