<oai_dc:dc xmlns:oai_dc="http://www.openarchives.org/OAI/2.0/oai_dc/" xmlns:dc="http://purl.org/dc/elements/1.1/" xmlns:xsi="http://www.w3.org/2001/XMLSchema-instance" xsi:schemaLocation="http://www.openarchives.org/OAI/2.0/oai_dc/  http://www.openarchives.org/OAI/2.0/oai_dc.xsd">
  <dc:title>Fighting striga and improving soil fertility with videos in Mali</dc:title>
  <dc:creator>J. Bentley</dc:creator>
  <Publisher xmlns="http://www.openarchives.org/OAI/2.0/">Swiss Agency for Development and Cooperation (SDC)</Publisher>
  <dc:date>2013</dc:date>
  <dc:language>eng</dc:language>
  <dc:subject>africa</dc:subject>
  <dc:subject>learning&amp;facilitation</dc:subject>
  <dc:subject>mali</dc:subject>
  <dc:type>Miscellaneous</dc:type>
  <dc:format />
</oai_dc:dc>