<oai_dc:dc xmlns:oai_dc="http://www.openarchives.org/OAI/2.0/oai_dc/" xmlns:dc="http://purl.org/dc/elements/1.1/" xmlns:xsi="http://www.w3.org/2001/XMLSchema-instance" xsi:schemaLocation="http://www.openarchives.org/OAI/2.0/oai_dc/  http://www.openarchives.org/OAI/2.0/oai_dc.xsd">
  <dc:title>Dynamics of Rural Innovation</dc:title>
  <dc:creator>R. Pyburn</dc:creator>
  <ISBN-Number xmlns="http://www.openarchives.org/OAI/2.0/">9789460221491</ISBN-Number>
  <Publisher xmlns="http://www.openarchives.org/OAI/2.0/">Royal Tropical Institute (KIT)</Publisher>
  <dc:date>2014</dc:date>
  <dc:description>&lt;p&gt;The book offers insights into the theory and practice of ‘innovation systems’. It covers background and concepts about the ‘how to’ of facilitating innovation, and the role of the broader context. The emphasis is about the dynamics of rural innovation – how to work with the changing nature of both the context and people involved in rural innovation processes and how to facilitate networks of stakeholders to stimulate innovation. It offers support to agricultural and rural development professionals as enablers and facilitators of stakeholder-led innovation, based on evidence from inspirational stories of how different people – from farmers to extension of officers, business leaders, traders, NGO staff, and policy makers – collaborate to make new and successful things happen.&lt;/p&gt;</dc:description>
  <dc:language>eng</dc:language>
  <dc:subject>africa</dc:subject>
  <dc:subject>cd organizational or environment</dc:subject>
  <dc:subject>cd system or policy</dc:subject>
  <dc:subject>innovation systems</dc:subject>
  <dc:subject>is extension</dc:subject>
  <dc:subject>is farmer organizations</dc:subject>
  <dc:subject>is market</dc:subject>
  <dc:subject>is private</dc:subject>
  <dc:subject>is public</dc:subject>
  <dc:subject>is research</dc:subject>
  <dc:type>Book</dc:type>
  <dc:format />
</oai_dc:dc>