<oai_dc:dc xmlns:oai_dc="http://www.openarchives.org/OAI/2.0/oai_dc/" xmlns:dc="http://purl.org/dc/elements/1.1/" xmlns:xsi="http://www.w3.org/2001/XMLSchema-instance" xsi:schemaLocation="http://www.openarchives.org/OAI/2.0/oai_dc/  http://www.openarchives.org/OAI/2.0/oai_dc.xsd">
  <dc:title>&amp;#039;I used to be ashamed&amp;#039;. The influence of an educational program on tribal and non-tribal children&amp;#039;s knowledge and valuation of wild food plants</dc:title>
  <dc:creator>G.S. Cruz-Garcia</dc:creator>
  <dc:creator>P.L. Howard</dc:creator>
  <DOI xmlns="http://www.openarchives.org/OAI/2.0/">10.1016/j.lindif.2013.03.001</DOI>
  <Publisher xmlns="http://www.openarchives.org/OAI/2.0/">Elsevier Inc.</Publisher>
  <dc:source>Learning and Individual Differences</dc:source>
  <URL xmlns="http://www.openarchives.org/OAI/2.0/">http://dx.doi.org/10.1016/j.lindif.2013.03.001</URL>
  <dc:date>2013</dc:date>
  <dc:description>&lt;p&gt;This study examines the influence of an extra-curricular educational program on children's knowledge and cultural valuation of wild food plants, which are an important component of their diets. This program aims to reinforce children's traditional knowledge and values around biological resources in Wayanad, India's Western Ghats, encouraging tribal and non-tribal children to learn from each other and from their own communities. Results show that the educational program has enhanced children's ability to identify selected wild food plants. Moreover, strong social stigma related to wild food plant gathering also appears to have been effectively countered, and the program seems to have created more self-confidence among the children about (a) the perceptions of others' social attitudes towards their gathering practices, and (b) the importance of these plants as part of their diets and cultures. ?? 2013 Elsevier Inc.&lt;/p&gt;</dc:description>
  <dc:language>eng</dc:language>
  <dc:subject>cd local knowledge</dc:subject>
  <dc:subject>Children</dc:subject>
  <dc:subject>Educational program</dc:subject>
  <dc:subject>India</dc:subject>
  <dc:subject>km</dc:subject>
  <dc:subject>Knowledge</dc:subject>
  <dc:subject>knowledge and learning</dc:subject>
  <dc:subject>Social stigma</dc:subject>
  <dc:subject>Wild food plants</dc:subject>
  <dc:type>Journal Article</dc:type>
  <dc:format>234–240</dc:format>
</oai_dc:dc>